replicas,requests,interval,availability_percent,total_requests,satisfied_requests,mean_latency,median_latency,std_latency,p95_latency
10,1000,1000,100.0,1000,1000,0.0984205021858215,0.0968295335769653,0.013828408005550718,0.1210640549659729
10,1000,1000,100.0,1000,1000,0.17710699796676635,0.17507851123809814,0.035664582643514645,0.22991420030593862
10,1000,1000,100.0,1000,1000,0.1664587676525116,0.16375148296356196,0.028723928544132072,0.21278724670410143
10,1000,1000,100.0,1000,1000,0.09640000748634335,0.09478545188903806,0.01784951505904311,0.11653935909271235
10,1000,1000,100.0,1000,1000,0.0984205021858215,0.0968295335769653,0.013828408005550718,0.1210640549659729
10,1000,1000,100.0,1000,1000,0.17710699796676635,0.17507851123809814,0.035664582643514645,0.22991420030593862
10,1000,1000,100.0,1000,1000,0.1664587676525116,0.16375148296356196,0.028723928544132072,0.21278724670410143
10,1000,1000,100.0,1000,1000,0.09640000748634335,0.09478545188903806,0.01784951505904311,0.11653935909271235
10,1000,1000,100.0,1000,1000,0.0984205021858215,0.0968295335769653,0.013828408005550718,0.1210640549659729
10,1000,1000,100.0,1000,1000,0.17710699796676635,0.17507851123809814,0.035664582643514645,0.22991420030593862
10,1000,1000,100.0,1000,1000,0.1664587676525116,0.16375148296356196,0.028723928544132072,0.21278724670410143
10,1000,1000,100.0,1000,1000,0.09640000748634335,0.09478545188903806,0.01784951505904311,0.11653935909271235
10,1000,1000,100.0,1000,1000,0.0984205021858215,0.0968295335769653,0.013828408005550718,0.1210640549659729
10,1000,1000,100.0,1000,1000,0.17710699796676635,0.17507851123809814,0.035664582643514645,0.22991420030593862
10,1000,1000,100.0,1000,1000,0.1664587676525116,0.16375148296356196,0.028723928544132072,0.21278724670410143
10,1000,1000,100.0,1000,1000,0.09640000748634335,0.09478545188903806,0.01784951505904311,0.11653935909271235
10,1000,200,99.9,1000,999,0.09265715032965091,0.0911090373992919,0.015827017736694447,0.11982407569885252
10,1000,200,99.9,1000,999,0.15361024374249338,0.1582199335098266,0.03083336867259128,0.19302226305007927
10,1000,200,99.9,1000,999,0.09376551464707672,0.0920889377593994,0.015053695949539793,0.12166979312896724
10,1000,200,99.9,1000,999,0.08861434471619138,0.0873661041259765,0.014958000887442903,0.11155543327331537
10,1000,200,87.0,1000,870,0.09265715032965091,0.0911090373992919,0.015827017736694447,0.11982407569885252
10,1000,200,87.0,1000,870,0.15361024374249338,0.1582199335098266,0.03083336867259128,0.19302226305007927
10,1000,200,87.0,1000,870,0.09376551464707672,0.0920889377593994,0.015053695949539793,0.12166979312896724
10,1000,200,87.0,1000,870,0.08861434471619138,0.0873661041259765,0.014958000887442903,0.11155543327331537
10,1000,200,99.8,1000,998,0.09265715032965091,0.0911090373992919,0.015827017736694447,0.11982407569885252
10,1000,200,99.8,1000,998,0.15361024374249338,0.1582199335098266,0.03083336867259128,0.19302226305007927
10,1000,200,99.8,1000,998,0.09376551464707672,0.0920889377593994,0.015053695949539793,0.12166979312896724
10,1000,200,99.8,1000,998,0.08861434471619138,0.0873661041259765,0.014958000887442903,0.11155543327331537
10,1000,200,99.9,1000,999,0.09265715032965091,0.0911090373992919,0.015827017736694447,0.11982407569885252
10,1000,200,99.9,1000,999,0.15361024374249338,0.1582199335098266,0.03083336867259128,0.19302226305007927
10,1000,200,99.9,1000,999,0.09376551464707672,0.0920889377593994,0.015053695949539793,0.12166979312896724
10,1000,200,99.9,1000,999,0.08861434471619138,0.0873661041259765,0.014958000887442903,0.11155543327331537
10,1000,50,0.0,1000,0,0.045263051986694294,0.045263051986694294,0.012863555340312931,0.053449368476867626
10,1000,50,0.0,1000,0,0.0514209270477294,0.0514209270477294,,0.0514209270477294
10,1000,50,0.0,1000,0,0.045263051986694294,0.045263051986694294,0.012863555340312931,0.053449368476867626
10,1000,50,0.0,1000,0,0.0514209270477294,0.0514209270477294,,0.0514209270477294
10,1000,50,0.2,1000,2,0.045263051986694294,0.045263051986694294,0.012863555340312931,0.053449368476867626
10,1000,50,0.2,1000,2,0.0514209270477294,0.0514209270477294,,0.0514209270477294
10,1000,50,0.1,1000,1,0.045263051986694294,0.045263051986694294,0.012863555340312931,0.053449368476867626
10,1000,50,0.1,1000,1,0.0514209270477294,0.0514209270477294,,0.0514209270477294
10,1000,500,100.0,1000,1000,0.09615995430946347,0.0944796800613403,0.014893086138029778,0.11870778799057001
10,1000,500,100.0,1000,1000,0.19042466589826382,0.18319702148437494,0.03647506343714096,0.2599154710769653
10,1000,500,100.0,1000,1000,0.18820357060432433,0.18110501766204828,0.035088358665120084,0.250742745399475
10,1000,500,100.0,1000,1000,0.0923168439865112,0.09166502952575681,0.01308403429564784,0.11353451013565054
10,1000,500,99.8,1000,998,0.09615995430946347,0.0944796800613403,0.014893086138029778,0.11870778799057001
10,1000,500,99.8,1000,998,0.19042466589826382,0.18319702148437494,0.03647506343714096,0.2599154710769653
10,1000,500,99.8,1000,998,0.18820357060432433,0.18110501766204828,0.035088358665120084,0.250742745399475
10,1000,500,99.8,1000,998,0.0923168439865112,0.09166502952575681,0.01308403429564784,0.11353451013565054
10,1000,500,100.0,1000,1000,0.09615995430946347,0.0944796800613403,0.014893086138029778,0.11870778799057001
10,1000,500,100.0,1000,1000,0.19042466589826382,0.18319702148437494,0.03647506343714096,0.2599154710769653
10,1000,500,100.0,1000,1000,0.18820357060432433,0.18110501766204828,0.035088358665120084,0.250742745399475
10,1000,500,100.0,1000,1000,0.0923168439865112,0.09166502952575681,0.01308403429564784,0.11353451013565054
10,1000,500,100.0,1000,1000,0.09615995430946347,0.0944796800613403,0.014893086138029778,0.11870778799057001
10,1000,500,100.0,1000,1000,0.19042466589826382,0.18319702148437494,0.03647506343714096,0.2599154710769653
10,1000,500,100.0,1000,1000,0.18820357060432433,0.18110501766204828,0.035088358665120084,0.250742745399475
10,1000,500,100.0,1000,1000,0.0923168439865112,0.09166502952575681,0.01308403429564784,0.11353451013565054
10,100,1000,100.0,100,100,0.10706841707229611,0.1050753593444824,0.01949326279181163,0.12820421457290643
10,100,1000,100.0,100,100,0.18561580896377564,0.17787194252014155,0.045432720149653986,0.23540978431701656
10,100,1000,100.0,100,100,0.10114943504333493,0.0995494127273559,0.02130747340070395,0.11901878118515007
10,100,1000,100.0,100,100,0.10706841707229611,0.1050753593444824,0.01949326279181163,0.12820421457290643
10,100,1000,100.0,100,100,0.18561580896377564,0.17787194252014155,0.045432720149653986,0.23540978431701656
10,100,1000,100.0,100,100,0.10114943504333493,0.0995494127273559,0.02130747340070395,0.11901878118515007
10,100,1000,100.0,100,100,0.10706841707229611,0.1050753593444824,0.01949326279181163,0.12820421457290643
10,100,1000,100.0,100,100,0.18561580896377564,0.17787194252014155,0.045432720149653986,0.23540978431701656
10,100,1000,100.0,100,100,0.10114943504333493,0.0995494127273559,0.02130747340070395,0.11901878118515007
10,100,200,98.0,100,98,0.10049344568836442,0.09736299514770505,0.01810583560503213,0.13150819540023798
10,100,200,98.0,100,98,0.15347995928355623,0.1586149930953979,0.02809192345801585,0.1957441449165343
10,100,200,98.0,100,98,0.10371085575648713,0.10247600078582755,0.019016608550048796,0.13752459287643432
10,100,200,98.0,100,98,0.09574873038012569,0.0947239398956298,0.01638558282431904,0.12660837173461914
10,100,200,84.0,100,84,0.10049344568836442,0.09736299514770505,0.01810583560503213,0.13150819540023798
10,100,200,84.0,100,84,0.15347995928355623,0.1586149930953979,0.02809192345801585,0.1957441449165343
10,100,200,84.0,100,84,0.10371085575648713,0.10247600078582755,0.019016608550048796,0.13752459287643432
10,100,200,84.0,100,84,0.09574873038012569,0.0947239398956298,0.01638558282431904,0.12660837173461914
10,100,200,98.0,100,98,0.10049344568836442,0.09736299514770505,0.01810583560503213,0.13150819540023798
10,100,200,98.0,100,98,0.15347995928355623,0.1586149930953979,0.02809192345801585,0.1957441449165343
10,100,200,98.0,100,98,0.10371085575648713,0.10247600078582755,0.019016608550048796,0.13752459287643432
10,100,200,98.0,100,98,0.09574873038012569,0.0947239398956298,0.01638558282431904,0.12660837173461914
10,100,200,99.0,100,99,0.10049344568836442,0.09736299514770505,0.01810583560503213,0.13150819540023798
10,100,200,99.0,100,99,0.15347995928355623,0.1586149930953979,0.02809192345801585,0.1957441449165343
10,100,200,99.0,100,99,0.10371085575648713,0.10247600078582755,0.019016608550048796,0.13752459287643432
10,100,200,99.0,100,99,0.09574873038012569,0.0947239398956298,0.01638558282431904,0.12660837173461914
10,100,50,2.0,100,2,0.0561299324035644,0.0561299324035644,0.00025052086754880814,0.05628936290740965
10,100,50,0.0,100,0,0.0561299324035644,0.0561299324035644,0.00025052086754880814,0.05628936290740965
10,100,50,0.0,100,0,0.0561299324035644,0.0561299324035644,0.00025052086754880814,0.05628936290740965
10,100,50,0.0,100,0,0.0561299324035644,0.0561299324035644,0.00025052086754880814,0.05628936290740965
10,100,500,100.0,100,100,0.10719325780868527,0.10403645038604731,0.024259362236327554,0.1345337390899658
10,100,500,100.0,100,100,0.18436905832001657,0.1821010112762451,0.026992828772650596,0.2440090894699096
10,100,500,100.0,100,100,0.10260238409042355,0.1025300025939941,0.019333225371143462,0.12291018962860104
10,100,500,100.0,100,100,0.10454480886459347,0.1013766527175903,0.02810532542457458,0.1307248353958129
10,100,500,99.0,100,99,0.10719325780868527,0.10403645038604731,0.024259362236327554,0.1345337390899658
10,100,500,99.0,100,99,0.18436905832001657,0.1821010112762451,0.026992828772650596,0.2440090894699096
10,100,500,99.0,100,99,0.10260238409042355,0.1025300025939941,0.019333225371143462,0.12291018962860104
10,100,500,99.0,100,99,0.10454480886459347,0.1013766527175903,0.02810532542457458,0.1307248353958129
10,100,500,100.0,100,100,0.10719325780868527,0.10403645038604731,0.024259362236327554,0.1345337390899658
10,100,500,100.0,100,100,0.18436905832001657,0.1821010112762451,0.026992828772650596,0.2440090894699096
10,100,500,100.0,100,100,0.10260238409042355,0.1025300025939941,0.019333225371143462,0.12291018962860104
10,100,500,100.0,100,100,0.10454480886459347,0.1013766527175903,0.02810532542457458,0.1307248353958129
10,100,500,100.0,100,100,0.10719325780868527,0.10403645038604731,0.024259362236327554,0.1345337390899658
10,100,500,100.0,100,100,0.18436905832001657,0.1821010112762451,0.026992828772650596,0.2440090894699096
10,100,500,100.0,100,100,0.10260238409042355,0.1025300025939941,0.019333225371143462,0.12291018962860104
10,100,500,100.0,100,100,0.10454480886459347,0.1013766527175903,0.02810532542457458,0.1307248353958129
10,10,1000,100.0,10,10,0.1372824907302856,0.1219074726104736,0.05497874762000764,0.22013928890228252
10,10,1000,100.0,10,10,0.2378620147705078,0.20516204833984375,0.09913094512569286,0.4017263889312741
10,10,1000,100.0,10,10,0.13238468170166012,0.11968207359313959,0.046146269703633405,0.2058350086212157
10,10,1000,100.0,10,10,0.1391855716705322,0.12325549125671384,0.051051054340754506,0.2154530882835386
10,10,1000,100.0,10,10,0.1372824907302856,0.1219074726104736,0.05497874762000764,0.22013928890228252
10,10,1000,100.0,10,10,0.2378620147705078,0.20516204833984375,0.09913094512569286,0.4017263889312741
10,10,1000,100.0,10,10,0.13238468170166012,0.11968207359313959,0.046146269703633405,0.2058350086212157
10,10,1000,100.0,10,10,0.1391855716705322,0.12325549125671384,0.051051054340754506,0.2154530882835386
10,10,1000,100.0,10,10,0.1372824907302856,0.1219074726104736,0.05497874762000764,0.22013928890228252
10,10,1000,100.0,10,10,0.2378620147705078,0.20516204833984375,0.09913094512569286,0.4017263889312741
10,10,1000,100.0,10,10,0.13238468170166012,0.11968207359313959,0.046146269703633405,0.2058350086212157
10,10,1000,100.0,10,10,0.1391855716705322,0.12325549125671384,0.051051054340754506,0.2154530882835386
10,10,1000,100.0,10,10,0.1372824907302856,0.1219074726104736,0.05497874762000764,0.22013928890228252
10,10,1000,100.0,10,10,0.2378620147705078,0.20516204833984375,0.09913094512569286,0.4017263889312741
10,10,1000,100.0,10,10,0.13238468170166012,0.11968207359313959,0.046146269703633405,0.2058350086212157
10,10,1000,100.0,10,10,0.1391855716705322,0.12325549125671384,0.051051054340754506,0.2154530882835386
10,10,200,80.0,10,8,0.1083121299743652,0.1165165901184082,0.01855959368496179,0.127113127708435
10,10,200,80.0,10,8,0.1664253075917561,0.1817588806152343,0.03285194928349414,0.18810219764709465
10,10,200,80.0,10,8,0.09558508131239145,0.0999660491943359,0.024443428143448607,0.11990361213684075
10,10,200,80.0,10,8,0.10286548402574323,0.1060888767242431,0.02793612939801559,0.12982406616210934
10,10,200,30.0,10,3,0.1083121299743652,0.1165165901184082,0.01855959368496179,0.127113127708435
10,10,200,30.0,10,3,0.1664253075917561,0.1817588806152343,0.03285194928349414,0.18810219764709465
10,10,200,30.0,10,3,0.09558508131239145,0.0999660491943359,0.024443428143448607,0.11990361213684075
10,10,200,30.0,10,3,0.10286548402574323,0.1060888767242431,0.02793612939801559,0.12982406616210934
10,10,200,90.0,10,9,0.1083121299743652,0.1165165901184082,0.01855959368496179,0.127113127708435
10,10,200,90.0,10,9,0.1664253075917561,0.1817588806152343,0.03285194928349414,0.18810219764709465
10,10,200,90.0,10,9,0.09558508131239145,0.0999660491943359,0.024443428143448607,0.11990361213684075
10,10,200,90.0,10,9,0.10286548402574323,0.1060888767242431,0.02793612939801559,0.12982406616210934
10,10,200,90.0,10,9,0.1083121299743652,0.1165165901184082,0.01855959368496179,0.127113127708435
10,10,200,90.0,10,9,0.1664253075917561,0.1817588806152343,0.03285194928349414,0.18810219764709465
10,10,200,90.0,10,9,0.09558508131239145,0.0999660491943359,0.024443428143448607,0.11990361213684075
10,10,200,90.0,10,9,0.10286548402574323,0.1060888767242431,0.02793612939801559,0.12982406616210934
10,10,50,10.0,10,1,0.1347129344940185,0.1347129344940185,,0.1347129344940185
10,10,50,10.0,10,1,0.7564868927001953,0.7564868927001953,,0.7564868927001953
10,10,50,10.0,10,1,0.1815409660339355,0.1815409660339355,,0.1815409660339355
10,10,50,10.0,10,1,0.0926849842071533,0.0926849842071533,,0.0926849842071533
10,10,50,10.0,10,1,0.1347129344940185,0.1347129344940185,,0.1347129344940185
10,10,50,10.0,10,1,0.7564868927001953,0.7564868927001953,,0.7564868927001953
10,10,50,10.0,10,1,0.1815409660339355,0.1815409660339355,,0.1815409660339355
10,10,50,10.0,10,1,0.0926849842071533,0.0926849842071533,,0.0926849842071533
10,10,50,10.0,10,1,0.1347129344940185,0.1347129344940185,,0.1347129344940185
10,10,50,10.0,10,1,0.7564868927001953,0.7564868927001953,,0.7564868927001953
10,10,50,10.0,10,1,0.1815409660339355,0.1815409660339355,,0.1815409660339355
10,10,50,10.0,10,1,0.0926849842071533,0.0926849842071533,,0.0926849842071533
10,10,50,10.0,10,1,0.1347129344940185,0.1347129344940185,,0.1347129344940185
10,10,50,10.0,10,1,0.7564868927001953,0.7564868927001953,,0.7564868927001953
10,10,50,10.0,10,1,0.1815409660339355,0.1815409660339355,,0.1815409660339355
10,10,50,10.0,10,1,0.0926849842071533,0.0926849842071533,,0.0926849842071533
10,10,500,100.0,10,10,0.13008906841278073,0.11519145965576169,0.053885503061606686,0.21185321807861307
10,10,500,100.0,10,10,0.26099157333374023,0.22575902938842768,0.0902280729329988,0.41945968866348254
10,10,500,100.0,10,10,0.12863605022430416,0.11642456054687494,0.04435738810835373,0.19839689731597887
10,10,500,100.0,10,10,0.136966323852539,0.1170690059661865,0.06031876537798723,0.22781447172164898
10,10,500,100.0,10,10,0.13008906841278073,0.11519145965576169,0.053885503061606686,0.21185321807861307
10,10,500,100.0,10,10,0.26099157333374023,0.22575902938842768,0.0902280729329988,0.41945968866348254
10,10,500,100.0,10,10,0.12863605022430416,0.11642456054687494,0.04435738810835373,0.19839689731597887
10,10,500,100.0,10,10,0.136966323852539,0.1170690059661865,0.06031876537798723,0.22781447172164898
10,10,500,100.0,10,10,0.13008906841278073,0.11519145965576169,0.053885503061606686,0.21185321807861307
10,10,500,100.0,10,10,0.26099157333374023,0.22575902938842768,0.0902280729329988,0.41945968866348254
10,10,500,100.0,10,10,0.12863605022430416,0.11642456054687494,0.04435738810835373,0.19839689731597887
10,10,500,100.0,10,10,0.136966323852539,0.1170690059661865,0.06031876537798723,0.22781447172164898
10,10,500,100.0,10,10,0.13008906841278073,0.11519145965576169,0.053885503061606686,0.21185321807861307
10,10,500,100.0,10,10,0.26099157333374023,0.22575902938842768,0.0902280729329988,0.41945968866348254
10,10,500,100.0,10,10,0.12863605022430416,0.11642456054687494,0.04435738810835373,0.19839689731597887
10,10,500,100.0,10,10,0.136966323852539,0.1170690059661865,0.06031876537798723,0.22781447172164898
10,1,1000,100.0,1,1,0.3650128841400146,0.3650128841400146,,0.3650128841400146
10,1,1000,100.0,1,1,0.5199050903320312,0.5199050903320312,,0.5199050903320312
10,1,1000,100.0,1,1,0.2564108371734619,0.2564108371734619,,0.2564108371734619
10,1,1000,100.0,1,1,0.3068270683288574,0.3068270683288574,,0.3068270683288574
10,1,1000,100.0,1,1,0.3650128841400146,0.3650128841400146,,0.3650128841400146
10,1,1000,100.0,1,1,0.5199050903320312,0.5199050903320312,,0.5199050903320312
10,1,1000,100.0,1,1,0.2564108371734619,0.2564108371734619,,0.2564108371734619
10,1,1000,100.0,1,1,0.3068270683288574,0.3068270683288574,,0.3068270683288574
10,1,1000,100.0,1,1,0.3650128841400146,0.3650128841400146,,0.3650128841400146
10,1,1000,100.0,1,1,0.5199050903320312,0.5199050903320312,,0.5199050903320312
10,1,1000,100.0,1,1,0.2564108371734619,0.2564108371734619,,0.2564108371734619
10,1,1000,100.0,1,1,0.3068270683288574,0.3068270683288574,,0.3068270683288574
10,1,1000,100.0,1,1,0.3650128841400146,0.3650128841400146,,0.3650128841400146
10,1,1000,100.0,1,1,0.5199050903320312,0.5199050903320312,,0.5199050903320312
10,1,1000,100.0,1,1,0.2564108371734619,0.2564108371734619,,0.2564108371734619
10,1,1000,100.0,1,1,0.3068270683288574,0.3068270683288574,,0.3068270683288574
10,1,200,100.0,1,1,0.2702889442443847,0.2702889442443847,,0.2702889442443847
10,1,200,100.0,1,1,0.4788031578063965,0.4788031578063965,,0.4788031578063965
10,1,200,100.0,1,1,0.2442579269409179,0.2442579269409179,,0.2442579269409179
10,1,200,100.0,1,1,0.3463180065155029,0.3463180065155029,,0.3463180065155029
10,1,200,100.0,1,1,0.2702889442443847,0.2702889442443847,,0.2702889442443847
10,1,200,100.0,1,1,0.4788031578063965,0.4788031578063965,,0.4788031578063965
10,1,200,100.0,1,1,0.2442579269409179,0.2442579269409179,,0.2442579269409179
10,1,200,100.0,1,1,0.3463180065155029,0.3463180065155029,,0.3463180065155029
10,1,200,100.0,1,1,0.2702889442443847,0.2702889442443847,,0.2702889442443847
10,1,200,100.0,1,1,0.4788031578063965,0.4788031578063965,,0.4788031578063965
10,1,200,100.0,1,1,0.2442579269409179,0.2442579269409179,,0.2442579269409179
10,1,200,100.0,1,1,0.3463180065155029,0.3463180065155029,,0.3463180065155029
10,1,200,100.0,1,1,0.2702889442443847,0.2702889442443847,,0.2702889442443847
10,1,200,100.0,1,1,0.4788031578063965,0.4788031578063965,,0.4788031578063965
10,1,200,100.0,1,1,0.2442579269409179,0.2442579269409179,,0.2442579269409179
10,1,200,100.0,1,1,0.3463180065155029,0.3463180065155029,,0.3463180065155029
10,1,50,100.0,1,1,0.3535380363464355,0.3535380363464355,,0.3535380363464355
10,1,50,100.0,1,1,0.4858541488647461,0.4858541488647461,,0.4858541488647461
10,1,50,100.0,1,1,0.2507820129394531,0.2507820129394531,,0.2507820129394531
10,1,50,100.0,1,1,0.2867288589477539,0.2867288589477539,,0.2867288589477539
10,1,50,100.0,1,1,0.3535380363464355,0.3535380363464355,,0.3535380363464355
10,1,50,100.0,1,1,0.4858541488647461,0.4858541488647461,,0.4858541488647461
10,1,50,100.0,1,1,0.2507820129394531,0.2507820129394531,,0.2507820129394531
10,1,50,100.0,1,1,0.2867288589477539,0.2867288589477539,,0.2867288589477539
10,1,50,100.0,1,1,0.3535380363464355,0.3535380363464355,,0.3535380363464355
10,1,50,100.0,1,1,0.4858541488647461,0.4858541488647461,,0.4858541488647461
10,1,50,100.0,1,1,0.2507820129394531,0.2507820129394531,,0.2507820129394531
10,1,50,100.0,1,1,0.2867288589477539,0.2867288589477539,,0.2867288589477539
10,1,50,100.0,1,1,0.3535380363464355,0.3535380363464355,,0.3535380363464355
10,1,50,100.0,1,1,0.4858541488647461,0.4858541488647461,,0.4858541488647461
10,1,50,100.0,1,1,0.2507820129394531,0.2507820129394531,,0.2507820129394531
10,1,50,100.0,1,1,0.2867288589477539,0.2867288589477539,,0.2867288589477539
10,1,500,100.0,1,1,0.3686399459838867,0.3686399459838867,,0.3686399459838867
10,1,500,100.0,1,1,0.611224889755249,0.611224889755249,,0.611224889755249
10,1,500,100.0,1,1,0.3108060359954834,0.3108060359954834,,0.3108060359954834
10,1,500,100.0,1,1,0.3276431560516357,0.3276431560516357,,0.3276431560516357
10,1,500,100.0,1,1,0.3686399459838867,0.3686399459838867,,0.3686399459838867
10,1,500,100.0,1,1,0.611224889755249,0.611224889755249,,0.611224889755249
10,1,500,100.0,1,1,0.3108060359954834,0.3108060359954834,,0.3108060359954834
10,1,500,100.0,1,1,0.3276431560516357,0.3276431560516357,,0.3276431560516357
10,1,500,100.0,1,1,0.3686399459838867,0.3686399459838867,,0.3686399459838867
10,1,500,100.0,1,1,0.611224889755249,0.611224889755249,,0.611224889755249
10,1,500,100.0,1,1,0.3108060359954834,0.3108060359954834,,0.3108060359954834
10,1,500,100.0,1,1,0.3276431560516357,0.3276431560516357,,0.3276431560516357
10,1,500,100.0,1,1,0.3686399459838867,0.3686399459838867,,0.3686399459838867
10,1,500,100.0,1,1,0.611224889755249,0.611224889755249,,0.611224889755249
10,1,500,100.0,1,1,0.3108060359954834,0.3108060359954834,,0.3108060359954834
10,1,500,100.0,1,1,0.3276431560516357,0.3276431560516357,,0.3276431560516357
19,1000,1000,100.0,1000,1000,0.18776579022407533,0.18202912807464594,0.03328391732663188,0.241267955303192
19,1000,1000,100.0,1000,1000,0.19524864292144775,0.18894708156585688,0.031745775781474125,0.25156203508377073
19,1000,1000,100.0,1000,1000,0.591519832611084,0.591519832611084,,0.591519832611084
19,1000,1000,100.0,1000,1000,0.18226378178596497,0.1766976118087768,0.029962710877483468,0.23345159292221063
19,1000,1000,100.0,1000,1000,0.18776579022407533,0.18202912807464594,0.03328391732663188,0.241267955303192
19,1000,1000,100.0,1000,1000,0.19524864292144775,0.18894708156585688,0.031745775781474125,0.25156203508377073
19,1000,1000,100.0,1000,1000,0.591519832611084,0.591519832611084,,0.591519832611084
19,1000,1000,100.0,1000,1000,0.18226378178596497,0.1766976118087768,0.029962710877483468,0.23345159292221063
19,1000,1000,100.0,1000,1000,0.18776579022407533,0.18202912807464594,0.03328391732663188,0.241267955303192
19,1000,1000,100.0,1000,1000,0.19524864292144775,0.18894708156585688,0.031745775781474125,0.25156203508377073
19,1000,1000,100.0,1000,1000,0.591519832611084,0.591519832611084,,0.591519832611084
19,1000,1000,100.0,1000,1000,0.18226378178596497,0.1766976118087768,0.029962710877483468,0.23345159292221063
19,1000,200,0.2,1000,2,0.16414403915405268,0.16414403915405268,0.032582211297225806,0.18487923145294186
19,1000,200,0.2,1000,2,0.1775410175323486,0.1775410175323486,,0.1775410175323486
19,1000,200,0.2,1000,2,0.17241625785827633,0.1639940738677978,0.0205984807772469,0.19955253601074216
19,1000,200,0.1,1000,1,0.16414403915405268,0.16414403915405268,0.032582211297225806,0.18487923145294186
19,1000,200,0.1,1000,1,0.1775410175323486,0.1775410175323486,,0.1775410175323486
19,1000,200,0.1,1000,1,0.17241625785827633,0.1639940738677978,0.0205984807772469,0.19955253601074216
19,1000,200,0.0,1000,0,0.16414403915405268,0.16414403915405268,0.032582211297225806,0.18487923145294186
19,1000,200,0.0,1000,0,0.1775410175323486,0.1775410175323486,,0.1775410175323486
19,1000,200,0.0,1000,0,0.17241625785827633,0.1639940738677978,0.0205984807772469,0.19955253601074216
19,1000,200,0.5,1000,5,0.16414403915405268,0.16414403915405268,0.032582211297225806,0.18487923145294186
19,1000,200,0.5,1000,5,0.1775410175323486,0.1775410175323486,,0.1775410175323486
19,1000,200,0.5,1000,5,0.17241625785827633,0.1639940738677978,0.0205984807772469,0.19955253601074216
19,1000,500,99.7,1000,997,0.17665423098633976,0.1706650257110595,0.028945128139609106,0.22118711471557614
19,1000,500,99.7,1000,997,0.18959540320208754,0.17806637287139887,0.04126216312222695,0.26454526185989374
19,1000,500,99.7,1000,997,0.3028891086578369,0.3028891086578369,,0.3028891086578369
19,1000,500,99.7,1000,997,0.16760932765490075,0.1633501052856445,0.024916039511700173,0.20559964179992668
19,1000,500,99.6,1000,996,0.17665423098633976,0.1706650257110595,0.028945128139609106,0.22118711471557614
19,1000,500,99.6,1000,996,0.18959540320208754,0.17806637287139887,0.04126216312222695,0.26454526185989374
19,1000,500,99.6,1000,996,0.3028891086578369,0.3028891086578369,,0.3028891086578369
19,1000,500,99.6,1000,996,0.16760932765490075,0.1633501052856445,0.024916039511700173,0.20559964179992668
19,1000,500,0.1,1000,1,0.17665423098633976,0.1706650257110595,0.028945128139609106,0.22118711471557614
19,1000,500,0.1,1000,1,0.18959540320208754,0.17806637287139887,0.04126216312222695,0.26454526185989374
19,1000,500,0.1,1000,1,0.3028891086578369,0.3028891086578369,,0.3028891086578369
19,1000,500,0.1,1000,1,0.16760932765490075,0.1633501052856445,0.024916039511700173,0.20559964179992668
19,1000,500,99.7,1000,997,0.17665423098633976,0.1706650257110595,0.028945128139609106,0.22118711471557614
19,1000,500,99.7,1000,997,0.18959540320208754,0.17806637287139887,0.04126216312222695,0.26454526185989374
19,1000,500,99.7,1000,997,0.3028891086578369,0.3028891086578369,,0.3028891086578369
19,1000,500,99.7,1000,997,0.16760932765490075,0.1633501052856445,0.024916039511700173,0.20559964179992668
19,100,1000,100.0,100,100,0.20836812973022462,0.19505655765533447,0.04969220137861768,0.28915792703628534
19,100,1000,100.0,100,100,0.22135066986083984,0.21174097061157227,0.04942384482847484,0.2871419429779052
19,100,1000,100.0,100,100,0.3813203753847064,0.3668408393859863,0.07293014217875236,0.5043873310089109
19,100,1000,100.0,100,100,0.23214177608489991,0.2159340381622314,0.0733867649237769,0.3482227563858032
19,100,1000,100.0,100,100,0.20836812973022462,0.19505655765533447,0.04969220137861768,0.28915792703628534
19,100,1000,100.0,100,100,0.22135066986083984,0.21174097061157227,0.04942384482847484,0.2871419429779052
19,100,1000,100.0,100,100,0.3813203753847064,0.3668408393859863,0.07293014217875236,0.5043873310089109
19,100,1000,100.0,100,100,0.23214177608489991,0.2159340381622314,0.0733867649237769,0.3482227563858032
19,100,1000,99.0,100,99,0.20836812973022462,0.19505655765533447,0.04969220137861768,0.28915792703628534
19,100,1000,99.0,100,99,0.22135066986083984,0.21174097061157227,0.04942384482847484,0.2871419429779052
19,100,1000,99.0,100,99,0.3813203753847064,0.3668408393859863,0.07293014217875236,0.5043873310089109
19,100,1000,99.0,100,99,0.23214177608489991,0.2159340381622314,0.0733867649237769,0.3482227563858032
19,100,1000,100.0,100,100,0.20836812973022462,0.19505655765533447,0.04969220137861768,0.28915792703628534
19,100,1000,100.0,100,100,0.22135066986083984,0.21174097061157227,0.04942384482847484,0.2871419429779052
19,100,1000,100.0,100,100,0.3813203753847064,0.3668408393859863,0.07293014217875236,0.5043873310089109
19,100,1000,100.0,100,100,0.23214177608489991,0.2159340381622314,0.0733867649237769,0.3482227563858032
19,100,200,3.0,100,3,0.20383922259012852,0.208094835281372,0.016252001636046124,0.21659550666809074
19,100,200,3.0,100,3,0.15967941284179682,0.1586570739746093,0.03260623100723519,0.19986557960510248
19,100,200,3.0,100,3,0.1847025156021118,0.1847025156021118,0.022194024663654666,0.19882670640945432
19,100,200,3.0,100,3,0.1677359342575073,0.1677359342575073,0.051608816001589744,0.20057958364486692
19,100,200,5.0,100,5,0.20383922259012852,0.208094835281372,0.016252001636046124,0.21659550666809074
19,100,200,5.0,100,5,0.15967941284179682,0.1586570739746093,0.03260623100723519,0.19986557960510248
19,100,200,5.0,100,5,0.1847025156021118,0.1847025156021118,0.022194024663654666,0.19882670640945432
19,100,200,5.0,100,5,0.1677359342575073,0.1677359342575073,0.051608816001589744,0.20057958364486692
19,100,200,2.0,100,2,0.20383922259012852,0.208094835281372,0.016252001636046124,0.21659550666809074
19,100,200,2.0,100,2,0.15967941284179682,0.1586570739746093,0.03260623100723519,0.19986557960510248
19,100,200,2.0,100,2,0.1847025156021118,0.1847025156021118,0.022194024663654666,0.19882670640945432
19,100,200,2.0,100,2,0.1677359342575073,0.1677359342575073,0.051608816001589744,0.20057958364486692
19,100,200,2.0,100,2,0.20383922259012852,0.208094835281372,0.016252001636046124,0.21659550666809074
19,100,200,2.0,100,2,0.15967941284179682,0.1586570739746093,0.03260623100723519,0.19986557960510248
19,100,200,2.0,100,2,0.1847025156021118,0.1847025156021118,0.022194024663654666,0.19882670640945432
19,100,200,2.0,100,2,0.1677359342575073,0.1677359342575073,0.051608816001589744,0.20057958364486692
19,100,500,98.0,100,98,0.20456609677295295,0.1931124925613403,0.03969002530708243,0.2763284683227538
19,100,500,98.0,100,98,0.2208847391362093,0.20878994464874265,0.04877801379569365,0.3033002138137817
19,100,500,98.0,100,98,0.2264289855957031,0.2264289855957031,,0.2264289855957031
19,100,500,98.0,100,98,0.20527023016804397,0.1920680999755859,0.05111735762854545,0.29470956325530995
19,100,500,98.0,100,98,0.20456609677295295,0.1931124925613403,0.03969002530708243,0.2763284683227538
19,100,500,98.0,100,98,0.2208847391362093,0.20878994464874265,0.04877801379569365,0.3033002138137817
19,100,500,98.0,100,98,0.2264289855957031,0.2264289855957031,,0.2264289855957031
19,100,500,98.0,100,98,0.20527023016804397,0.1920680999755859,0.05111735762854545,0.29470956325530995
19,100,500,1.0,100,1,0.20456609677295295,0.1931124925613403,0.03969002530708243,0.2763284683227538
19,100,500,1.0,100,1,0.2208847391362093,0.20878994464874265,0.04877801379569365,0.3033002138137817
19,100,500,1.0,100,1,0.2264289855957031,0.2264289855957031,,0.2264289855957031
19,100,500,1.0,100,1,0.20527023016804397,0.1920680999755859,0.05111735762854545,0.29470956325530995
19,100,500,99.0,100,99,0.20456609677295295,0.1931124925613403,0.03969002530708243,0.2763284683227538
19,100,500,99.0,100,99,0.2208847391362093,0.20878994464874265,0.04877801379569365,0.3033002138137817
19,100,500,99.0,100,99,0.2264289855957031,0.2264289855957031,,0.2264289855957031
19,100,500,99.0,100,99,0.20527023016804397,0.1920680999755859,0.05111735762854545,0.29470956325530995
19,10,1000,100.0,10,10,0.2924738168716431,0.25231754779815674,0.1129389573832996,0.46294631958007776
19,10,1000,100.0,10,10,0.3185368299484253,0.27120196819305414,0.13286340265984323,0.5592437386512754
19,10,1000,100.0,10,10,0.4067599773406982,0.4067599773406982,,0.4067599773406982
19,10,1000,100.0,10,10,0.29225027561187744,0.2648814916610718,0.09236415118386855,0.4368725776672361
19,10,1000,100.0,10,10,0.2924738168716431,0.25231754779815674,0.1129389573832996,0.46294631958007776
19,10,1000,100.0,10,10,0.3185368299484253,0.27120196819305414,0.13286340265984323,0.5592437386512754
19,10,1000,100.0,10,10,0.4067599773406982,0.4067599773406982,,0.4067599773406982
19,10,1000,100.0,10,10,0.29225027561187744,0.2648814916610718,0.09236415118386855,0.4368725776672361
19,10,1000,10.0,10,1,0.2924738168716431,0.25231754779815674,0.1129389573832996,0.46294631958007776
19,10,1000,10.0,10,1,0.3185368299484253,0.27120196819305414,0.13286340265984323,0.5592437386512754
19,10,1000,10.0,10,1,0.4067599773406982,0.4067599773406982,,0.4067599773406982
19,10,1000,10.0,10,1,0.29225027561187744,0.2648814916610718,0.09236415118386855,0.4368725776672361
19,10,1000,100.0,10,10,0.2924738168716431,0.25231754779815674,0.1129389573832996,0.46294631958007776
19,10,1000,100.0,10,10,0.3185368299484253,0.27120196819305414,0.13286340265984323,0.5592437386512754
19,10,1000,100.0,10,10,0.4067599773406982,0.4067599773406982,,0.4067599773406982
19,10,1000,100.0,10,10,0.29225027561187744,0.2648814916610718,0.09236415118386855,0.4368725776672361
19,10,200,10.0,10,1,0.2851450443267822,0.2851450443267822,,0.2851450443267822
19,10,200,10.0,10,1,0.2666246096293131,0.188486099243164,0.18994216417886997,0.4537042140960693
19,10,200,10.0,10,1,0.509984016418457,0.509984016418457,,0.509984016418457
19,10,200,10.0,10,1,0.26022589206695557,0.26022589206695557,0.08090155006623727,0.311711323261261
19,10,200,30.0,10,3,0.2851450443267822,0.2851450443267822,,0.2851450443267822
19,10,200,30.0,10,3,0.2666246096293131,0.188486099243164,0.18994216417886997,0.4537042140960693
19,10,200,30.0,10,3,0.509984016418457,0.509984016418457,,0.509984016418457
19,10,200,30.0,10,3,0.26022589206695557,0.26022589206695557,0.08090155006623727,0.311711323261261
19,10,200,10.0,10,1,0.2851450443267822,0.2851450443267822,,0.2851450443267822
19,10,200,10.0,10,1,0.2666246096293131,0.188486099243164,0.18994216417886997,0.4537042140960693
19,10,200,10.0,10,1,0.509984016418457,0.509984016418457,,0.509984016418457
19,10,200,10.0,10,1,0.26022589206695557,0.26022589206695557,0.08090155006623727,0.311711323261261
19,10,200,20.0,10,2,0.2851450443267822,0.2851450443267822,,0.2851450443267822
19,10,200,20.0,10,2,0.2666246096293131,0.188486099243164,0.18994216417886997,0.4537042140960693
19,10,200,20.0,10,2,0.509984016418457,0.509984016418457,,0.509984016418457
19,10,200,20.0,10,2,0.26022589206695557,0.26022589206695557,0.08090155006623727,0.311711323261261
19,10,50,10.0,10,1,1.4973080158233645,1.4973080158233645,,1.4973080158233645
19,10,50,10.0,10,1,1.0316309928894043,1.0316309928894043,,1.0316309928894043
19,10,50,10.0,10,1,1.647991180419922,1.647991180419922,,1.647991180419922
19,10,50,10.0,10,1,0.8523581027984619,0.8523581027984619,,0.8523581027984619
19,10,50,10.0,10,1,1.4973080158233645,1.4973080158233645,,1.4973080158233645
19,10,50,10.0,10,1,1.0316309928894043,1.0316309928894043,,1.0316309928894043
19,10,50,10.0,10,1,1.647991180419922,1.647991180419922,,1.647991180419922
19,10,50,10.0,10,1,0.8523581027984619,0.8523581027984619,,0.8523581027984619
19,10,50,10.0,10,1,1.4973080158233645,1.4973080158233645,,1.4973080158233645
19,10,50,10.0,10,1,1.0316309928894043,1.0316309928894043,,1.0316309928894043
19,10,50,10.0,10,1,1.647991180419922,1.647991180419922,,1.647991180419922
19,10,50,10.0,10,1,0.8523581027984619,0.8523581027984619,,0.8523581027984619
19,10,50,10.0,10,1,1.4973080158233645,1.4973080158233645,,1.4973080158233645
19,10,50,10.0,10,1,1.0316309928894043,1.0316309928894043,,1.0316309928894043
19,10,50,10.0,10,1,1.647991180419922,1.647991180419922,,1.647991180419922
19,10,50,10.0,10,1,0.8523581027984619,0.8523581027984619,,0.8523581027984619
19,10,500,90.0,10,9,0.2579034169514974,0.2657310962677002,0.05447378413162065,0.31633515357971187
19,10,500,90.0,10,9,0.2540669971042209,0.2592790126800537,0.08858596701302086,0.3740066528320312
19,10,500,90.0,10,9,0.3049681186676025,0.3049681186676025,,0.3049681186676025
19,10,500,90.0,10,9,0.22781448894076872,0.2383451461791992,0.0493982345085726,0.26871533393859864
19,10,500,90.0,10,9,0.2579034169514974,0.2657310962677002,0.05447378413162065,0.31633515357971187
19,10,500,90.0,10,9,0.2540669971042209,0.2592790126800537,0.08858596701302086,0.3740066528320312
19,10,500,90.0,10,9,0.3049681186676025,0.3049681186676025,,0.3049681186676025
19,10,500,90.0,10,9,0.22781448894076872,0.2383451461791992,0.0493982345085726,0.26871533393859864
19,10,500,10.0,10,1,0.2579034169514974,0.2657310962677002,0.05447378413162065,0.31633515357971187
19,10,500,10.0,10,1,0.2540669971042209,0.2592790126800537,0.08858596701302086,0.3740066528320312
19,10,500,10.0,10,1,0.3049681186676025,0.3049681186676025,,0.3049681186676025
19,10,500,10.0,10,1,0.22781448894076872,0.2383451461791992,0.0493982345085726,0.26871533393859864
19,10,500,90.0,10,9,0.2579034169514974,0.2657310962677002,0.05447378413162065,0.31633515357971187
19,10,500,90.0,10,9,0.2540669971042209,0.2592790126800537,0.08858596701302086,0.3740066528320312
19,10,500,90.0,10,9,0.3049681186676025,0.3049681186676025,,0.3049681186676025
19,10,500,90.0,10,9,0.22781448894076872,0.2383451461791992,0.0493982345085726,0.26871533393859864
19,1,1000,100.0,1,1,0.6015291213989258,0.6015291213989258,,0.6015291213989258
19,1,1000,100.0,1,1,0.5195817947387695,0.5195817947387695,,0.5195817947387695
19,1,1000,100.0,1,1,1.1112730503082275,1.1112730503082275,,1.1112730503082275
19,1,1000,100.0,1,1,0.5737199783325195,0.5737199783325195,,0.5737199783325195
19,1,1000,100.0,1,1,0.6015291213989258,0.6015291213989258,,0.6015291213989258
19,1,1000,100.0,1,1,0.5195817947387695,0.5195817947387695,,0.5195817947387695
19,1,1000,100.0,1,1,1.1112730503082275,1.1112730503082275,,1.1112730503082275
19,1,1000,100.0,1,1,0.5737199783325195,0.5737199783325195,,0.5737199783325195
19,1,1000,100.0,1,1,0.6015291213989258,0.6015291213989258,,0.6015291213989258
19,1,1000,100.0,1,1,0.5195817947387695,0.5195817947387695,,0.5195817947387695
19,1,1000,100.0,1,1,1.1112730503082275,1.1112730503082275,,1.1112730503082275
19,1,1000,100.0,1,1,0.5737199783325195,0.5737199783325195,,0.5737199783325195
19,1,1000,100.0,1,1,0.6015291213989258,0.6015291213989258,,0.6015291213989258
19,1,1000,100.0,1,1,0.5195817947387695,0.5195817947387695,,0.5195817947387695
19,1,1000,100.0,1,1,1.1112730503082275,1.1112730503082275,,1.1112730503082275
19,1,1000,100.0,1,1,0.5737199783325195,0.5737199783325195,,0.5737199783325195
19,1,200,100.0,1,1,0.5676219463348389,0.5676219463348389,,0.5676219463348389
19,1,200,100.0,1,1,0.5661020278930664,0.5661020278930664,,0.5661020278930664
19,1,200,100.0,1,1,1.338763952255249,1.338763952255249,,1.338763952255249
19,1,200,100.0,1,1,0.6547131538391113,0.6547131538391113,,0.6547131538391113
19,1,200,100.0,1,1,0.5676219463348389,0.5676219463348389,,0.5676219463348389
19,1,200,100.0,1,1,0.5661020278930664,0.5661020278930664,,0.5661020278930664
19,1,200,100.0,1,1,1.338763952255249,1.338763952255249,,1.338763952255249
19,1,200,100.0,1,1,0.6547131538391113,0.6547131538391113,,0.6547131538391113
19,1,200,100.0,1,1,0.5676219463348389,0.5676219463348389,,0.5676219463348389
19,1,200,100.0,1,1,0.5661020278930664,0.5661020278930664,,0.5661020278930664
19,1,200,100.0,1,1,1.338763952255249,1.338763952255249,,1.338763952255249
19,1,200,100.0,1,1,0.6547131538391113,0.6547131538391113,,0.6547131538391113
19,1,200,100.0,1,1,0.5676219463348389,0.5676219463348389,,0.5676219463348389
19,1,200,100.0,1,1,0.5661020278930664,0.5661020278930664,,0.5661020278930664
19,1,200,100.0,1,1,1.338763952255249,1.338763952255249,,1.338763952255249
19,1,200,100.0,1,1,0.6547131538391113,0.6547131538391113,,0.6547131538391113
19,1,50,100.0,1,1,0.7216010093688965,0.7216010093688965,,0.7216010093688965
19,1,50,100.0,1,1,0.5598211288452148,0.5598211288452148,,0.5598211288452148
19,1,50,100.0,1,1,1.5285239219665527,1.5285239219665527,,1.5285239219665527
19,1,50,100.0,1,1,0.6339080333709717,0.6339080333709717,,0.6339080333709717
19,1,50,100.0,1,1,0.7216010093688965,0.7216010093688965,,0.7216010093688965
19,1,50,100.0,1,1,0.5598211288452148,0.5598211288452148,,0.5598211288452148
19,1,50,100.0,1,1,1.5285239219665527,1.5285239219665527,,1.5285239219665527
19,1,50,100.0,1,1,0.6339080333709717,0.6339080333709717,,0.6339080333709717
19,1,50,100.0,1,1,0.7216010093688965,0.7216010093688965,,0.7216010093688965
19,1,50,100.0,1,1,0.5598211288452148,0.5598211288452148,,0.5598211288452148
19,1,50,100.0,1,1,1.5285239219665527,1.5285239219665527,,1.5285239219665527
19,1,50,100.0,1,1,0.6339080333709717,0.6339080333709717,,0.6339080333709717
19,1,50,100.0,1,1,0.7216010093688965,0.7216010093688965,,0.7216010093688965
19,1,50,100.0,1,1,0.5598211288452148,0.5598211288452148,,0.5598211288452148
19,1,50,100.0,1,1,1.5285239219665527,1.5285239219665527,,1.5285239219665527
19,1,50,100.0,1,1,0.6339080333709717,0.6339080333709717,,0.6339080333709717
19,1,500,100.0,1,1,0.619178056716919,0.619178056716919,,0.619178056716919
19,1,500,100.0,1,1,0.6482040882110596,0.6482040882110596,,0.6482040882110596
19,1,500,100.0,1,1,1.072170972824097,1.072170972824097,,1.072170972824097
19,1,500,100.0,1,1,0.578341007232666,0.578341007232666,,0.578341007232666
19,1,500,100.0,1,1,0.619178056716919,0.619178056716919,,0.619178056716919
19,1,500,100.0,1,1,0.6482040882110596,0.6482040882110596,,0.6482040882110596
19,1,500,100.0,1,1,1.072170972824097,1.072170972824097,,1.072170972824097
19,1,500,100.0,1,1,0.578341007232666,0.578341007232666,,0.578341007232666
19,1,500,100.0,1,1,0.619178056716919,0.619178056716919,,0.619178056716919
19,1,500,100.0,1,1,0.6482040882110596,0.6482040882110596,,0.6482040882110596
19,1,500,100.0,1,1,1.072170972824097,1.072170972824097,,1.072170972824097
19,1,500,100.0,1,1,0.578341007232666,0.578341007232666,,0.578341007232666
19,1,500,100.0,1,1,0.619178056716919,0.619178056716919,,0.619178056716919
19,1,500,100.0,1,1,0.6482040882110596,0.6482040882110596,,0.6482040882110596
19,1,500,100.0,1,1,1.072170972824097,1.072170972824097,,1.072170972824097
19,1,500,100.0,1,1,0.578341007232666,0.578341007232666,,0.578341007232666
31,1000,1000,99.5,1000,995,0.36415017453869386,0.3482160568237304,0.06039756450434888,0.4709515571594238
31,1000,1000,99.5,1000,995,0.549299955368042,0.549299955368042,0.012300810618995489,0.5571281433105468
31,1000,1000,99.5,1000,995,0.5175500710805258,0.4860780239105224,0.14945427799095223,0.7715194940567015
31,1000,1000,99.5,1000,995,0.3400580883026123,0.3400580883026123,0.04097685199623161,0.3661355972290039
31,1000,1000,3.076923076923077,65,2,0.36415017453869386,0.3482160568237304,0.06039756450434888,0.4709515571594238
31,1000,1000,3.076923076923077,65,2,0.549299955368042,0.549299955368042,0.012300810618995489,0.5571281433105468
31,1000,1000,3.076923076923077,65,2,0.5175500710805258,0.4860780239105224,0.14945427799095223,0.7715194940567015
31,1000,1000,3.076923076923077,65,2,0.3400580883026123,0.3400580883026123,0.04097685199623161,0.3661355972290039
31,1000,1000,1.5,1000,15,0.36415017453869386,0.3482160568237304,0.06039756450434888,0.4709515571594238
31,1000,1000,1.5,1000,15,0.549299955368042,0.549299955368042,0.012300810618995489,0.5571281433105468
31,1000,1000,1.5,1000,15,0.5175500710805258,0.4860780239105224,0.14945427799095223,0.7715194940567015
31,1000,1000,1.5,1000,15,0.3400580883026123,0.3400580883026123,0.04097685199623161,0.3661355972290039
31,1000,1000,0.2,1000,2,0.36415017453869386,0.3482160568237304,0.06039756450434888,0.4709515571594238
31,1000,1000,0.2,1000,2,0.549299955368042,0.549299955368042,0.012300810618995489,0.5571281433105468
31,1000,1000,0.2,1000,2,0.5175500710805258,0.4860780239105224,0.14945427799095223,0.7715194940567015
31,1000,1000,0.2,1000,2,0.3400580883026123,0.3400580883026123,0.04097685199623161,0.3661355972290039
31,1000,200,0.1,1000,1,0.2092280387878418,0.2092280387878418,,0.2092280387878418
31,1000,200,0.0,1000,0,0.2092280387878418,0.2092280387878418,,0.2092280387878418
31,1000,200,0.0,1000,0,0.2092280387878418,0.2092280387878418,,0.2092280387878418
31,1000,200,0.0,1000,0,0.2092280387878418,0.2092280387878418,,0.2092280387878418
31,1000,500,0.1,1000,1,0.3065199851989746,0.3065199851989746,,0.3065199851989746
31,1000,500,0.1,1000,1,0.35660994052886963,0.35660994052886963,0.0718150267020766,0.40231274366378783
31,1000,500,0.1,1000,1,0.433513879776001,0.433513879776001,0.10975005634757998,0.5033583879470825
31,1000,500,0.1,1000,1,0.395313024520874,0.395313024520874,,0.395313024520874
31,1000,500,0.2,1000,2,0.3065199851989746,0.3065199851989746,,0.3065199851989746
31,1000,500,0.2,1000,2,0.35660994052886963,0.35660994052886963,0.0718150267020766,0.40231274366378783
31,1000,500,0.2,1000,2,0.433513879776001,0.433513879776001,0.10975005634757998,0.5033583879470825
31,1000,500,0.2,1000,2,0.395313024520874,0.395313024520874,,0.395313024520874
31,1000,500,0.2,1000,2,0.3065199851989746,0.3065199851989746,,0.3065199851989746
31,1000,500,0.2,1000,2,0.35660994052886963,0.35660994052886963,0.0718150267020766,0.40231274366378783
31,1000,500,0.2,1000,2,0.433513879776001,0.433513879776001,0.10975005634757998,0.5033583879470825
31,1000,500,0.2,1000,2,0.395313024520874,0.395313024520874,,0.395313024520874
31,1000,500,0.1,1000,1,0.3065199851989746,0.3065199851989746,,0.3065199851989746
31,1000,500,0.1,1000,1,0.35660994052886963,0.35660994052886963,0.0718150267020766,0.40231274366378783
31,1000,500,0.1,1000,1,0.433513879776001,0.433513879776001,0.10975005634757998,0.5033583879470825
31,1000,500,0.1,1000,1,0.395313024520874,0.395313024520874,,0.395313024520874
31,100,1000,1.0,100,1,0.8505289554595947,0.8505289554595947,,0.8505289554595947
31,100,1000,1.0,100,1,0.6226179599761963,0.6226179599761963,,0.6226179599761963
31,100,1000,1.0,100,1,0.42325382573263987,0.38530552387237543,0.10301058478746136,0.6217246532440183
31,100,1000,1.0,100,1,0.4682626724243164,0.4581711292266845,0.0813786309673974,0.5912780523300171
31,100,1000,1.0,100,1,0.8505289554595947,0.8505289554595947,,0.8505289554595947
31,100,1000,1.0,100,1,0.6226179599761963,0.6226179599761963,,0.6226179599761963
31,100,1000,1.0,100,1,0.42325382573263987,0.38530552387237543,0.10301058478746136,0.6217246532440183
31,100,1000,1.0,100,1,0.4682626724243164,0.4581711292266845,0.0813786309673974,0.5912780523300171
31,100,1000,98.0,100,98,0.8505289554595947,0.8505289554595947,,0.8505289554595947
31,100,1000,98.0,100,98,0.6226179599761963,0.6226179599761963,,0.6226179599761963
31,100,1000,98.0,100,98,0.42325382573263987,0.38530552387237543,0.10301058478746136,0.6217246532440183
31,100,1000,98.0,100,98,0.4682626724243164,0.4581711292266845,0.0813786309673974,0.5912780523300171
31,100,1000,15.0,100,15,0.8505289554595947,0.8505289554595947,,0.8505289554595947
31,100,1000,15.0,100,15,0.6226179599761963,0.6226179599761963,,0.6226179599761963
31,100,1000,15.0,100,15,0.42325382573263987,0.38530552387237543,0.10301058478746136,0.6217246532440183
31,100,1000,15.0,100,15,0.4682626724243164,0.4581711292266845,0.0813786309673974,0.5912780523300171
31,100,500,1.0,100,1,0.2345919609069824,0.2345919609069824,,0.2345919609069824
31,100,500,1.0,100,1,0.4961450099945068,0.4961450099945068,,0.4961450099945068
31,100,500,1.0,100,1,0.4240185022354126,0.4240185022354126,0.11116939361803284,0.49476627111434934
31,100,500,1.0,100,1,0.4013619422912597,0.4013619422912597,,0.4013619422912597
31,100,500,1.0,100,1,0.2345919609069824,0.2345919609069824,,0.2345919609069824
31,100,500,1.0,100,1,0.4961450099945068,0.4961450099945068,,0.4961450099945068
31,100,500,1.0,100,1,0.4240185022354126,0.4240185022354126,0.11116939361803284,0.49476627111434934
31,100,500,1.0,100,1,0.4013619422912597,0.4013619422912597,,0.4013619422912597
31,100,500,2.0,100,2,0.2345919609069824,0.2345919609069824,,0.2345919609069824
31,100,500,2.0,100,2,0.4961450099945068,0.4961450099945068,,0.4961450099945068
31,100,500,2.0,100,2,0.4240185022354126,0.4240185022354126,0.11116939361803284,0.49476627111434934
31,100,500,2.0,100,2,0.4013619422912597,0.4013619422912597,,0.4013619422912597
31,100,500,1.0,100,1,0.2345919609069824,0.2345919609069824,,0.2345919609069824
31,100,500,1.0,100,1,0.4961450099945068,0.4961450099945068,,0.4961450099945068
31,100,500,1.0,100,1,0.4240185022354126,0.4240185022354126,0.11116939361803284,0.49476627111434934
31,100,500,1.0,100,1,0.4013619422912597,0.4013619422912597,,0.4013619422912597
31,10,1000,10.0,10,1,0.6786098480224609,0.6786098480224609,,0.6786098480224609
31,10,1000,10.0,10,1,0.594559907913208,0.594559907913208,,0.594559907913208
31,10,1000,10.0,10,1,0.6107127401563857,0.5899200439453125,0.13358893707892341,0.8200412273406981
31,10,1000,10.0,10,1,0.5035017331441244,0.5104219913482666,0.10278824833331134,0.6328187942504883
31,10,1000,10.0,10,1,0.6786098480224609,0.6786098480224609,,0.6786098480224609
31,10,1000,10.0,10,1,0.594559907913208,0.594559907913208,,0.594559907913208
31,10,1000,10.0,10,1,0.6107127401563857,0.5899200439453125,0.13358893707892341,0.8200412273406981
31,10,1000,10.0,10,1,0.5035017331441244,0.5104219913482666,0.10278824833331134,0.6328187942504883
31,10,1000,90.0,10,9,0.6786098480224609,0.6786098480224609,,0.6786098480224609
31,10,1000,90.0,10,9,0.594559907913208,0.594559907913208,,0.594559907913208
31,10,1000,90.0,10,9,0.6107127401563857,0.5899200439453125,0.13358893707892341,0.8200412273406981
31,10,1000,90.0,10,9,0.5035017331441244,0.5104219913482666,0.10278824833331134,0.6328187942504883
31,10,1000,90.0,10,9,0.6786098480224609,0.6786098480224609,,0.6786098480224609
31,10,1000,90.0,10,9,0.594559907913208,0.594559907913208,,0.594559907913208
31,10,1000,90.0,10,9,0.6107127401563857,0.5899200439453125,0.13358893707892341,0.8200412273406981
31,10,1000,90.0,10,9,0.5035017331441244,0.5104219913482666,0.10278824833331134,0.6328187942504883
31,10,200,10.0,10,1,0.7787368297576904,0.7787368297576904,,0.7787368297576904
31,10,200,10.0,10,1,0.5002570152282715,0.5002570152282715,,0.5002570152282715
31,10,200,10.0,10,1,2.1637039184570312,2.1637039184570312,,2.1637039184570312
31,10,200,10.0,10,1,0.4953420162200928,0.4953420162200928,,0.4953420162200928
31,10,200,10.0,10,1,0.7787368297576904,0.7787368297576904,,0.7787368297576904
31,10,200,10.0,10,1,0.5002570152282715,0.5002570152282715,,0.5002570152282715
31,10,200,10.0,10,1,2.1637039184570312,2.1637039184570312,,2.1637039184570312
31,10,200,10.0,10,1,0.4953420162200928,0.4953420162200928,,0.4953420162200928
31,10,200,10.0,10,1,0.7787368297576904,0.7787368297576904,,0.7787368297576904
31,10,200,10.0,10,1,0.5002570152282715,0.5002570152282715,,0.5002570152282715
31,10,200,10.0,10,1,2.1637039184570312,2.1637039184570312,,2.1637039184570312
31,10,200,10.0,10,1,0.4953420162200928,0.4953420162200928,,0.4953420162200928
31,10,200,10.0,10,1,0.7787368297576904,0.7787368297576904,,0.7787368297576904
31,10,200,10.0,10,1,0.5002570152282715,0.5002570152282715,,0.5002570152282715
31,10,200,10.0,10,1,2.1637039184570312,2.1637039184570312,,2.1637039184570312
31,10,200,10.0,10,1,0.4953420162200928,0.4953420162200928,,0.4953420162200928
31,10,50,10.0,10,1,2.4458839893341064,2.4458839893341064,,2.4458839893341064
31,10,50,10.0,10,1,2.446260929107666,2.446260929107666,,2.446260929107666
31,10,50,10.0,10,1,3.2557308673858643,3.2557308673858643,,3.2557308673858643
31,10,50,10.0,10,1,1.781036138534546,1.781036138534546,,1.781036138534546
31,10,50,10.0,10,1,2.4458839893341064,2.4458839893341064,,2.4458839893341064
31,10,50,10.0,10,1,2.446260929107666,2.446260929107666,,2.446260929107666
31,10,50,10.0,10,1,3.2557308673858643,3.2557308673858643,,3.2557308673858643
31,10,50,10.0,10,1,1.781036138534546,1.781036138534546,,1.781036138534546
31,10,50,10.0,10,1,2.4458839893341064,2.4458839893341064,,2.4458839893341064
31,10,50,10.0,10,1,2.446260929107666,2.446260929107666,,2.446260929107666
31,10,50,10.0,10,1,3.2557308673858643,3.2557308673858643,,3.2557308673858643
31,10,50,10.0,10,1,1.781036138534546,1.781036138534546,,1.781036138534546
31,10,50,10.0,10,1,2.4458839893341064,2.4458839893341064,,2.4458839893341064
31,10,50,10.0,10,1,2.446260929107666,2.446260929107666,,2.446260929107666
31,10,50,10.0,10,1,3.2557308673858643,3.2557308673858643,,3.2557308673858643
31,10,50,10.0,10,1,1.781036138534546,1.781036138534546,,1.781036138534546
31,10,500,10.0,10,1,0.315399169921875,0.315399169921875,,0.315399169921875
31,10,500,10.0,10,1,0.4156210422515869,0.4156210422515869,,0.4156210422515869
31,10,500,10.0,10,1,0.3937520980834961,0.3937520980834961,,0.3937520980834961
31,10,500,10.0,10,1,0.406235933303833,0.406235933303833,,0.406235933303833
31,10,500,10.0,10,1,0.315399169921875,0.315399169921875,,0.315399169921875
31,10,500,10.0,10,1,0.4156210422515869,0.4156210422515869,,0.4156210422515869
31,10,500,10.0,10,1,0.3937520980834961,0.3937520980834961,,0.3937520980834961
31,10,500,10.0,10,1,0.406235933303833,0.406235933303833,,0.406235933303833
31,10,500,10.0,10,1,0.315399169921875,0.315399169921875,,0.315399169921875
31,10,500,10.0,10,1,0.4156210422515869,0.4156210422515869,,0.4156210422515869
31,10,500,10.0,10,1,0.3937520980834961,0.3937520980834961,,0.3937520980834961
31,10,500,10.0,10,1,0.406235933303833,0.406235933303833,,0.406235933303833
31,10,500,10.0,10,1,0.315399169921875,0.315399169921875,,0.315399169921875
31,10,500,10.0,10,1,0.4156210422515869,0.4156210422515869,,0.4156210422515869
31,10,500,10.0,10,1,0.3937520980834961,0.3937520980834961,,0.3937520980834961
31,10,500,10.0,10,1,0.406235933303833,0.406235933303833,,0.406235933303833
31,1,1000,100.0,1,1,1.52189302444458,1.52189302444458,,1.52189302444458
31,1,1000,100.0,1,1,1.4319169521331787,1.4319169521331787,,1.4319169521331787
31,1,1000,100.0,1,1,2.637058973312378,2.637058973312378,,2.637058973312378
31,1,1000,100.0,1,1,1.461872100830078,1.461872100830078,,1.461872100830078
31,1,1000,100.0,1,1,1.52189302444458,1.52189302444458,,1.52189302444458
31,1,1000,100.0,1,1,1.4319169521331787,1.4319169521331787,,1.4319169521331787
31,1,1000,100.0,1,1,2.637058973312378,2.637058973312378,,2.637058973312378
31,1,1000,100.0,1,1,1.461872100830078,1.461872100830078,,1.461872100830078
31,1,1000,100.0,1,1,1.52189302444458,1.52189302444458,,1.52189302444458
31,1,1000,100.0,1,1,1.4319169521331787,1.4319169521331787,,1.4319169521331787
31,1,1000,100.0,1,1,2.637058973312378,2.637058973312378,,2.637058973312378
31,1,1000,100.0,1,1,1.461872100830078,1.461872100830078,,1.461872100830078
31,1,1000,100.0,1,1,1.52189302444458,1.52189302444458,,1.52189302444458
31,1,1000,100.0,1,1,1.4319169521331787,1.4319169521331787,,1.4319169521331787
31,1,1000,100.0,1,1,2.637058973312378,2.637058973312378,,2.637058973312378
31,1,1000,100.0,1,1,1.461872100830078,1.461872100830078,,1.461872100830078
31,1,200,100.0,1,1,1.6812188625335691,1.6812188625335691,,1.6812188625335691
31,1,200,100.0,1,1,1.5932369232177734,1.5932369232177734,,1.5932369232177734
31,1,200,100.0,1,1,2.6270251274108887,2.6270251274108887,,2.6270251274108887
31,1,200,100.0,1,1,1.333284854888916,1.333284854888916,,1.333284854888916
31,1,200,100.0,1,1,1.6812188625335691,1.6812188625335691,,1.6812188625335691
31,1,200,100.0,1,1,1.5932369232177734,1.5932369232177734,,1.5932369232177734
31,1,200,100.0,1,1,2.6270251274108887,2.6270251274108887,,2.6270251274108887
31,1,200,100.0,1,1,1.333284854888916,1.333284854888916,,1.333284854888916
31,1,200,100.0,1,1,1.6812188625335691,1.6812188625335691,,1.6812188625335691
31,1,200,100.0,1,1,1.5932369232177734,1.5932369232177734,,1.5932369232177734
31,1,200,100.0,1,1,2.6270251274108887,2.6270251274108887,,2.6270251274108887
31,1,200,100.0,1,1,1.333284854888916,1.333284854888916,,1.333284854888916
31,1,200,100.0,1,1,1.6812188625335691,1.6812188625335691,,1.6812188625335691
31,1,200,100.0,1,1,1.5932369232177734,1.5932369232177734,,1.5932369232177734
31,1,200,100.0,1,1,2.6270251274108887,2.6270251274108887,,2.6270251274108887
31,1,200,100.0,1,1,1.333284854888916,1.333284854888916,,1.333284854888916
31,1,50,100.0,1,1,1.7406129837036133,1.7406129837036133,,1.7406129837036133
31,1,50,100.0,1,1,1.5167150497436523,1.5167150497436523,,1.5167150497436523
31,1,50,100.0,1,1,2.729997158050537,2.729997158050537,,2.729997158050537
31,1,50,100.0,1,1,1.6753108501434326,1.6753108501434326,,1.6753108501434326
31,1,50,100.0,1,1,1.7406129837036133,1.7406129837036133,,1.7406129837036133
31,1,50,100.0,1,1,1.5167150497436523,1.5167150497436523,,1.5167150497436523
31,1,50,100.0,1,1,2.729997158050537,2.729997158050537,,2.729997158050537
31,1,50,100.0,1,1,1.6753108501434326,1.6753108501434326,,1.6753108501434326
31,1,50,100.0,1,1,1.7406129837036133,1.7406129837036133,,1.7406129837036133
31,1,50,100.0,1,1,1.5167150497436523,1.5167150497436523,,1.5167150497436523
31,1,50,100.0,1,1,2.729997158050537,2.729997158050537,,2.729997158050537
31,1,50,100.0,1,1,1.6753108501434326,1.6753108501434326,,1.6753108501434326
31,1,50,100.0,1,1,1.7406129837036133,1.7406129837036133,,1.7406129837036133
31,1,50,100.0,1,1,1.5167150497436523,1.5167150497436523,,1.5167150497436523
31,1,50,100.0,1,1,2.729997158050537,2.729997158050537,,2.729997158050537
31,1,50,100.0,1,1,1.6753108501434326,1.6753108501434326,,1.6753108501434326
31,1,500,100.0,1,1,1.765625,1.765625,,1.765625
31,1,500,100.0,1,1,3.02845311164856,3.02845311164856,,3.02845311164856
31,1,500,100.0,1,1,2.818186044692993,2.818186044692993,,2.818186044692993
31,1,500,100.0,1,1,1.5413529872894287,1.5413529872894287,,1.5413529872894287
31,1,500,100.0,1,1,1.765625,1.765625,,1.765625
31,1,500,100.0,1,1,3.02845311164856,3.02845311164856,,3.02845311164856
31,1,500,100.0,1,1,2.818186044692993,2.818186044692993,,2.818186044692993
31,1,500,100.0,1,1,1.5413529872894287,1.5413529872894287,,1.5413529872894287
31,1,500,100.0,1,1,1.765625,1.765625,,1.765625
31,1,500,100.0,1,1,3.02845311164856,3.02845311164856,,3.02845311164856
31,1,500,100.0,1,1,2.818186044692993,2.818186044692993,,2.818186044692993
31,1,500,100.0,1,1,1.5413529872894287,1.5413529872894287,,1.5413529872894287
31,1,500,100.0,1,1,1.765625,1.765625,,1.765625
31,1,500,100.0,1,1,3.02845311164856,3.02845311164856,,3.02845311164856
31,1,500,100.0,1,1,2.818186044692993,2.818186044692993,,2.818186044692993
31,1,500,100.0,1,1,1.5413529872894287,1.5413529872894287,,1.5413529872894287
4,1000,1000,100.0,1000,1000,0.03709340119361873,0.0353205204010009,0.009770918459844628,0.05532675981521599
4,1000,1000,100.0,1000,1000,0.0736437118053436,0.07284832000732415,0.015446399459836514,0.09472366571426387
4,1000,1000,100.0,1000,1000,0.039656159877777056,0.0386590957641601,0.009202475346434834,0.05649865865707391
4,1000,1000,100.0,1000,1000,0.039409739971160845,0.036886096000671345,0.01177531630634796,0.06152514219284049
4,1000,1000,100.0,1000,1000,0.03709340119361873,0.0353205204010009,0.009770918459844628,0.05532675981521599
4,1000,1000,100.0,1000,1000,0.0736437118053436,0.07284832000732415,0.015446399459836514,0.09472366571426387
4,1000,1000,100.0,1000,1000,0.039656159877777056,0.0386590957641601,0.009202475346434834,0.05649865865707391
4,1000,1000,100.0,1000,1000,0.039409739971160845,0.036886096000671345,0.01177531630634796,0.06152514219284049
4,1000,1000,100.0,1000,1000,0.03709340119361873,0.0353205204010009,0.009770918459844628,0.05532675981521599
4,1000,1000,100.0,1000,1000,0.0736437118053436,0.07284832000732415,0.015446399459836514,0.09472366571426387
4,1000,1000,100.0,1000,1000,0.039656159877777056,0.0386590957641601,0.009202475346434834,0.05649865865707391
4,1000,1000,100.0,1000,1000,0.039409739971160845,0.036886096000671345,0.01177531630634796,0.06152514219284049
4,1000,1000,100.0,1000,1000,0.03709340119361873,0.0353205204010009,0.009770918459844628,0.05532675981521599
4,1000,1000,100.0,1000,1000,0.0736437118053436,0.07284832000732415,0.015446399459836514,0.09472366571426387
4,1000,1000,100.0,1000,1000,0.039656159877777056,0.0386590957641601,0.009202475346434834,0.05649865865707391
4,1000,1000,100.0,1000,1000,0.039409739971160845,0.036886096000671345,0.01177531630634796,0.06152514219284049
4,1000,200,100.0,1000,1000,0.03653885531425472,0.0352256298065185,0.00824097116980881,0.04929367303848265
4,1000,200,100.0,1000,1000,0.07527255510782692,0.0734519958496093,0.01644131820851266,0.09823145866394027
4,1000,200,100.0,1000,1000,0.03826494479179378,0.03662908077239985,0.010391082911900018,0.05705829858779904
4,1000,200,100.0,1000,1000,0.03883277106285091,0.03572547435760495,0.01152825963487425,0.05933440923690795
4,1000,200,99.9,1000,999,0.03653885531425472,0.0352256298065185,0.00824097116980881,0.04929367303848265
4,1000,200,99.9,1000,999,0.07527255510782692,0.0734519958496093,0.01644131820851266,0.09823145866394027
4,1000,200,99.9,1000,999,0.03826494479179378,0.03662908077239985,0.010391082911900018,0.05705829858779904
4,1000,200,99.9,1000,999,0.03883277106285091,0.03572547435760495,0.01152825963487425,0.05933440923690795
4,1000,200,100.0,1000,1000,0.03653885531425472,0.0352256298065185,0.00824097116980881,0.04929367303848265
4,1000,200,100.0,1000,1000,0.07527255510782692,0.0734519958496093,0.01644131820851266,0.09823145866394027
4,1000,200,100.0,1000,1000,0.03826494479179378,0.03662908077239985,0.010391082911900018,0.05705829858779904
4,1000,200,100.0,1000,1000,0.03883277106285091,0.03572547435760495,0.01152825963487425,0.05933440923690795
4,1000,200,100.0,1000,1000,0.03653885531425472,0.0352256298065185,0.00824097116980881,0.04929367303848265
4,1000,200,100.0,1000,1000,0.07527255510782692,0.0734519958496093,0.01644131820851266,0.09823145866394027
4,1000,200,100.0,1000,1000,0.03826494479179378,0.03662908077239985,0.010391082911900018,0.05705829858779904
4,1000,200,100.0,1000,1000,0.03883277106285091,0.03572547435760495,0.01152825963487425,0.05933440923690795
4,1000,50,97.2,1000,972,0.031606794630058464,0.02930653095245355,0.008364508510401403,0.049054586887359544
4,1000,50,97.2,1000,972,0.04539346196408049,0.0468780994415283,0.008660523487239205,0.05493564605712886
4,1000,50,97.2,1000,972,0.032604256979853086,0.0302550792694091,0.008966337799659678,0.04950494766235344
4,1000,50,97.2,1000,972,0.030037578043898873,0.02836847305297845,0.0073747144709056306,0.044707250595092736
4,1000,50,81.3,1000,813,0.031606794630058464,0.02930653095245355,0.008364508510401403,0.049054586887359544
4,1000,50,81.3,1000,813,0.04539346196408049,0.0468780994415283,0.008660523487239205,0.05493564605712886
4,1000,50,81.3,1000,813,0.032604256979853086,0.0302550792694091,0.008966337799659678,0.04950494766235344
4,1000,50,81.3,1000,813,0.030037578043898873,0.02836847305297845,0.0073747144709056306,0.044707250595092736
4,1000,50,97.3,1000,973,0.031606794630058464,0.02930653095245355,0.008364508510401403,0.049054586887359544
4,1000,50,97.3,1000,973,0.04539346196408049,0.0468780994415283,0.008660523487239205,0.05493564605712886
4,1000,50,97.3,1000,973,0.032604256979853086,0.0302550792694091,0.008966337799659678,0.04950494766235344
4,1000,50,97.3,1000,973,0.030037578043898873,0.02836847305297845,0.0073747144709056306,0.044707250595092736
4,1000,50,98.4,1000,984,0.031606794630058464,0.02930653095245355,0.008364508510401403,0.049054586887359544
4,1000,50,98.4,1000,984,0.04539346196408049,0.0468780994415283,0.008660523487239205,0.05493564605712886
4,1000,50,98.4,1000,984,0.032604256979853086,0.0302550792694091,0.008966337799659678,0.04950494766235344
4,1000,50,98.4,1000,984,0.030037578043898873,0.02836847305297845,0.0073747144709056306,0.044707250595092736
4,1000,500,100.0,1000,1000,0.03809441304206844,0.0367718935012817,0.009530458583321745,0.05496441125869749
4,1000,500,100.0,1000,1000,0.07314554119110105,0.0725789070129394,0.015962810601028794,0.09606626033782956
4,1000,500,100.0,1000,1000,0.038418134689331015,0.03742802143096915,0.009182416490925854,0.055400133132934515
4,1000,500,100.0,1000,1000,0.04187831640243526,0.04073607921600335,0.01235825866431603,0.062004745006561245
4,1000,500,100.0,1000,1000,0.03809441304206844,0.0367718935012817,0.009530458583321745,0.05496441125869749
4,1000,500,100.0,1000,1000,0.07314554119110105,0.0725789070129394,0.015962810601028794,0.09606626033782956
4,1000,500,100.0,1000,1000,0.038418134689331015,0.03742802143096915,0.009182416490925854,0.055400133132934515
4,1000,500,100.0,1000,1000,0.04187831640243526,0.04073607921600335,0.01235825866431603,0.062004745006561245
4,1000,500,100.0,1000,1000,0.03809441304206844,0.0367718935012817,0.009530458583321745,0.05496441125869749
4,1000,500,100.0,1000,1000,0.07314554119110105,0.0725789070129394,0.015962810601028794,0.09606626033782956
4,1000,500,100.0,1000,1000,0.038418134689331015,0.03742802143096915,0.009182416490925854,0.055400133132934515
4,1000,500,100.0,1000,1000,0.04187831640243526,0.04073607921600335,0.01235825866431603,0.062004745006561245
4,1000,500,100.0,1000,1000,0.03809441304206844,0.0367718935012817,0.009530458583321745,0.05496441125869749
4,1000,500,100.0,1000,1000,0.07314554119110105,0.0725789070129394,0.015962810601028794,0.09606626033782956
4,1000,500,100.0,1000,1000,0.038418134689331015,0.03742802143096915,0.009182416490925854,0.055400133132934515
4,1000,500,100.0,1000,1000,0.04187831640243526,0.04073607921600335,0.01235825866431603,0.062004745006561245
4,100,1000,100.0,100,100,0.042203247547149624,0.0385733842849731,0.015331896310105569,0.06394799947738643
4,100,1000,100.0,100,100,0.07444996595382687,0.0720598697662353,0.02042585779659695,0.09593942165374747
4,100,1000,100.0,100,100,0.044562201499938926,0.0434263944625854,0.011861828540523827,0.06227693557739258
4,100,1000,100.0,100,100,0.044878993034362755,0.042712092399597154,0.014412965263912501,0.06620420217514036
4,100,1000,100.0,100,100,0.042203247547149624,0.0385733842849731,0.015331896310105569,0.06394799947738643
4,100,1000,100.0,100,100,0.07444996595382687,0.0720598697662353,0.02042585779659695,0.09593942165374747
4,100,1000,100.0,100,100,0.044562201499938926,0.0434263944625854,0.011861828540523827,0.06227693557739258
4,100,1000,100.0,100,100,0.044878993034362755,0.042712092399597154,0.014412965263912501,0.06620420217514036
4,100,1000,100.0,100,100,0.042203247547149624,0.0385733842849731,0.015331896310105569,0.06394799947738643
4,100,1000,100.0,100,100,0.07444996595382687,0.0720598697662353,0.02042585779659695,0.09593942165374747
4,100,1000,100.0,100,100,0.044562201499938926,0.0434263944625854,0.011861828540523827,0.06227693557739258
4,100,1000,100.0,100,100,0.044878993034362755,0.042712092399597154,0.014412965263912501,0.06620420217514036
4,100,1000,100.0,100,100,0.042203247547149624,0.0385733842849731,0.015331896310105569,0.06394799947738643
4,100,1000,100.0,100,100,0.07444996595382687,0.0720598697662353,0.02042585779659695,0.09593942165374747
4,100,1000,100.0,100,100,0.044562201499938926,0.0434263944625854,0.011861828540523827,0.06227693557739258
4,100,1000,100.0,100,100,0.044878993034362755,0.042712092399597154,0.014412965263912501,0.06620420217514036
4,100,200,100.0,100,100,0.042137920856475795,0.03912889957427975,0.012728854297448942,0.06433519124984735
4,100,200,100.0,100,100,0.07914363976680867,0.0777640342712402,0.021299255701623703,0.10715904235839831
4,100,200,100.0,100,100,0.04196916341781612,0.039677381515502846,0.013480397802075087,0.07204504013061522
4,100,200,100.0,100,100,0.04176954030990596,0.038814425468444796,0.013905659220109525,0.055356729030609036
4,100,200,99.0,100,99,0.042137920856475795,0.03912889957427975,0.012728854297448942,0.06433519124984735
4,100,200,99.0,100,99,0.07914363976680867,0.0777640342712402,0.021299255701623703,0.10715904235839831
4,100,200,99.0,100,99,0.04196916341781612,0.039677381515502846,0.013480397802075087,0.07204504013061522
4,100,200,99.0,100,99,0.04176954030990596,0.038814425468444796,0.013905659220109525,0.055356729030609036
4,100,200,100.0,100,100,0.042137920856475795,0.03912889957427975,0.012728854297448942,0.06433519124984735
4,100,200,100.0,100,100,0.07914363976680867,0.0777640342712402,0.021299255701623703,0.10715904235839831
4,100,200,100.0,100,100,0.04196916341781612,0.039677381515502846,0.013480397802075087,0.07204504013061522
4,100,200,100.0,100,100,0.04176954030990596,0.038814425468444796,0.013905659220109525,0.055356729030609036
4,100,200,100.0,100,100,0.042137920856475795,0.03912889957427975,0.012728854297448942,0.06433519124984735
4,100,200,100.0,100,100,0.07914363976680867,0.0777640342712402,0.021299255701623703,0.10715904235839831
4,100,200,100.0,100,100,0.04196916341781612,0.039677381515502846,0.013480397802075087,0.07204504013061522
4,100,200,100.0,100,100,0.04176954030990596,0.038814425468444796,0.013905659220109525,0.055356729030609036
4,100,50,93.0,100,93,0.03353001994471391,0.0325081348419189,0.0071141363482775015,0.04492139816284174
4,100,50,93.0,100,93,0.04585916655404223,0.0480978488922119,0.009524427627525532,0.05605413913726806
4,100,50,93.0,100,93,0.033604356149832364,0.0317679643630981,0.008699505139585947,0.05041956901550285
4,100,50,93.0,100,93,0.038383577180945316,0.0363420248031616,0.008715437478972415,0.05081132650375361
4,100,50,63.0,100,63,0.03353001994471391,0.0325081348419189,0.0071141363482775015,0.04492139816284174
4,100,50,63.0,100,63,0.04585916655404223,0.0480978488922119,0.009524427627525532,0.05605413913726806
4,100,50,63.0,100,63,0.033604356149832364,0.0317679643630981,0.008699505139585947,0.05041956901550285
4,100,50,63.0,100,63,0.038383577180945316,0.0363420248031616,0.008715437478972415,0.05081132650375361
4,100,50,96.0,100,96,0.03353001994471391,0.0325081348419189,0.0071141363482775015,0.04492139816284174
4,100,50,96.0,100,96,0.04585916655404223,0.0480978488922119,0.009524427627525532,0.05605413913726806
4,100,50,96.0,100,96,0.033604356149832364,0.0317679643630981,0.008699505139585947,0.05041956901550285
4,100,50,96.0,100,96,0.038383577180945316,0.0363420248031616,0.008715437478972415,0.05081132650375361
4,100,50,92.0,100,92,0.03353001994471391,0.0325081348419189,0.0071141363482775015,0.04492139816284174
4,100,50,92.0,100,92,0.04585916655404223,0.0480978488922119,0.009524427627525532,0.05605413913726806
4,100,50,92.0,100,92,0.033604356149832364,0.0317679643630981,0.008699505139585947,0.05041956901550285
4,100,50,92.0,100,92,0.038383577180945316,0.0363420248031616,0.008715437478972415,0.05081132650375361
4,100,500,100.0,100,100,0.04295382976531978,0.0397034883499145,0.012305599211503,0.06172178983688354
4,100,500,100.0,100,100,0.07008646488189693,0.0649113655090332,0.028014891261100267,0.09433974027633664
4,100,500,100.0,100,100,0.04310502767562863,0.040984034538269,0.013809554578683691,0.06411799192428583
4,100,500,100.0,100,100,0.04279467821121211,0.04017949104309075,0.015398848193357432,0.057533085346221896
4,100,500,100.0,100,100,0.04295382976531978,0.0397034883499145,0.012305599211503,0.06172178983688354
4,100,500,100.0,100,100,0.07008646488189693,0.0649113655090332,0.028014891261100267,0.09433974027633664
4,100,500,100.0,100,100,0.04310502767562863,0.040984034538269,0.013809554578683691,0.06411799192428583
4,100,500,100.0,100,100,0.04279467821121211,0.04017949104309075,0.015398848193357432,0.057533085346221896
4,100,500,100.0,100,100,0.04295382976531978,0.0397034883499145,0.012305599211503,0.06172178983688354
4,100,500,100.0,100,100,0.07008646488189693,0.0649113655090332,0.028014891261100267,0.09433974027633664
4,100,500,100.0,100,100,0.04310502767562863,0.040984034538269,0.013809554578683691,0.06411799192428583
4,100,500,100.0,100,100,0.04279467821121211,0.04017949104309075,0.015398848193357432,0.057533085346221896
4,100,500,100.0,100,100,0.04295382976531978,0.0397034883499145,0.012305599211503,0.06172178983688354
4,100,500,100.0,100,100,0.07008646488189693,0.0649113655090332,0.028014891261100267,0.09433974027633664
4,100,500,100.0,100,100,0.04310502767562863,0.040984034538269,0.013809554578683691,0.06411799192428583
4,100,500,100.0,100,100,0.04279467821121211,0.04017949104309075,0.015398848193357432,0.057533085346221896
4,10,1000,100.0,10,10,0.0584391355514526,0.051422119140624944,0.03437548420502246,0.1101906180381774
4,10,1000,100.0,10,10,0.10054712295532224,0.0910348892211914,0.04077802412708384,0.1627625465393065
4,10,1000,100.0,10,10,0.051104998588561955,0.0478235483169555,0.02093317751020198,0.08315327167510977
4,10,1000,100.0,10,10,0.04960267543792719,0.0400084257125854,0.02573973931835435,0.09494509696960438
4,10,1000,100.0,10,10,0.0584391355514526,0.051422119140624944,0.03437548420502246,0.1101906180381774
4,10,1000,100.0,10,10,0.10054712295532224,0.0910348892211914,0.04077802412708384,0.1627625465393065
4,10,1000,100.0,10,10,0.051104998588561955,0.0478235483169555,0.02093317751020198,0.08315327167510977
4,10,1000,100.0,10,10,0.04960267543792719,0.0400084257125854,0.02573973931835435,0.09494509696960438
4,10,1000,100.0,10,10,0.0584391355514526,0.051422119140624944,0.03437548420502246,0.1101906180381774
4,10,1000,100.0,10,10,0.10054712295532224,0.0910348892211914,0.04077802412708384,0.1627625465393065
4,10,1000,100.0,10,10,0.051104998588561955,0.0478235483169555,0.02093317751020198,0.08315327167510977
4,10,1000,100.0,10,10,0.04960267543792719,0.0400084257125854,0.02573973931835435,0.09494509696960438
4,10,1000,100.0,10,10,0.0584391355514526,0.051422119140624944,0.03437548420502246,0.1101906180381774
4,10,1000,100.0,10,10,0.10054712295532224,0.0910348892211914,0.04077802412708384,0.1627625465393065
4,10,1000,100.0,10,10,0.051104998588561955,0.0478235483169555,0.02093317751020198,0.08315327167510977
4,10,1000,100.0,10,10,0.04960267543792719,0.0400084257125854,0.02573973931835435,0.09494509696960438
4,10,200,100.0,10,10,0.051147603988647414,0.0424094200134277,0.02935836735187156,0.0981476664543151
4,10,200,100.0,10,10,0.06242873933580181,0.0701251029968261,0.020823486280831777,0.08780207633972162
4,10,200,100.0,10,10,0.04814560413360591,0.03960549831390375,0.028977446137309248,0.0934665799140929
4,10,200,100.0,10,10,0.05280539989471431,0.04328250885009765,0.028019611261880694,0.0987027049064635
4,10,200,90.0,10,9,0.051147603988647414,0.0424094200134277,0.02935836735187156,0.0981476664543151
4,10,200,90.0,10,9,0.06242873933580181,0.0701251029968261,0.020823486280831777,0.08780207633972162
4,10,200,90.0,10,9,0.04814560413360591,0.03960549831390375,0.028977446137309248,0.0934665799140929
4,10,200,90.0,10,9,0.05280539989471431,0.04328250885009765,0.028019611261880694,0.0987027049064635
4,10,200,100.0,10,10,0.051147603988647414,0.0424094200134277,0.02935836735187156,0.0981476664543151
4,10,200,100.0,10,10,0.06242873933580181,0.0701251029968261,0.020823486280831777,0.08780207633972162
4,10,200,100.0,10,10,0.04814560413360591,0.03960549831390375,0.028977446137309248,0.0934665799140929
4,10,200,100.0,10,10,0.05280539989471431,0.04328250885009765,0.028019611261880694,0.0987027049064635
4,10,200,100.0,10,10,0.051147603988647414,0.0424094200134277,0.02935836735187156,0.0981476664543151
4,10,200,100.0,10,10,0.06242873933580181,0.0701251029968261,0.020823486280831777,0.08780207633972162
4,10,200,100.0,10,10,0.04814560413360591,0.03960549831390375,0.028977446137309248,0.0934665799140929
4,10,200,100.0,10,10,0.05280539989471431,0.04328250885009765,0.028019611261880694,0.0987027049064635
4,10,50,60.0,10,6,0.029626170794169047,0.0316715240478515,0.006958415168286232,0.03570020198822015
4,10,50,60.0,10,6,0.0404562354087829,0.0479894876480102,0.021604533468544948,0.055995953083038244
4,10,50,60.0,10,6,0.02968811988830561,0.03189551830291745,0.009996868696412373,0.04017359018325801
4,10,50,60.0,10,6,0.03484283174787244,0.0333030223846435,0.00568672433852906,0.04343757629394526
4,10,50,40.0,10,4,0.029626170794169047,0.0316715240478515,0.006958415168286232,0.03570020198822015
4,10,50,40.0,10,4,0.0404562354087829,0.0479894876480102,0.021604533468544948,0.055995953083038244
4,10,50,40.0,10,4,0.02968811988830561,0.03189551830291745,0.009996868696412373,0.04017359018325801
4,10,50,40.0,10,4,0.03484283174787244,0.0333030223846435,0.00568672433852906,0.04343757629394526
4,10,50,80.0,10,8,0.029626170794169047,0.0316715240478515,0.006958415168286232,0.03570020198822015
4,10,50,80.0,10,8,0.0404562354087829,0.0479894876480102,0.021604533468544948,0.055995953083038244
4,10,50,80.0,10,8,0.02968811988830561,0.03189551830291745,0.009996868696412373,0.04017359018325801
4,10,50,80.0,10,8,0.03484283174787244,0.0333030223846435,0.00568672433852906,0.04343757629394526
4,10,50,70.0,10,7,0.029626170794169047,0.0316715240478515,0.006958415168286232,0.03570020198822015
4,10,50,70.0,10,7,0.0404562354087829,0.0479894876480102,0.021604533468544948,0.055995953083038244
4,10,50,70.0,10,7,0.02968811988830561,0.03189551830291745,0.009996868696412373,0.04017359018325801
4,10,50,70.0,10,7,0.03484283174787244,0.0333030223846435,0.00568672433852906,0.04343757629394526
4,10,500,100.0,10,10,0.050064420700073206,0.04314947128295895,0.02798531630564368,0.09186396598815907
4,10,500,100.0,10,10,0.10909171104431148,0.10262000560760495,0.04128655432643552,0.17120579481124865
4,10,500,100.0,10,10,0.05539360046386714,0.0460544824600219,0.028778600022546966,0.09959834814071644
4,10,500,100.0,10,10,0.0582473754882812,0.05095243453979485,0.03138762090551739,0.10833786725997914
4,10,500,100.0,10,10,0.050064420700073206,0.04314947128295895,0.02798531630564368,0.09186396598815907
4,10,500,100.0,10,10,0.10909171104431148,0.10262000560760495,0.04128655432643552,0.17120579481124865
4,10,500,100.0,10,10,0.05539360046386714,0.0460544824600219,0.028778600022546966,0.09959834814071644
4,10,500,100.0,10,10,0.0582473754882812,0.05095243453979485,0.03138762090551739,0.10833786725997914
4,10,500,100.0,10,10,0.050064420700073206,0.04314947128295895,0.02798531630564368,0.09186396598815907
4,10,500,100.0,10,10,0.10909171104431148,0.10262000560760495,0.04128655432643552,0.17120579481124865
4,10,500,100.0,10,10,0.05539360046386714,0.0460544824600219,0.028778600022546966,0.09959834814071644
4,10,500,100.0,10,10,0.0582473754882812,0.05095243453979485,0.03138762090551739,0.10833786725997914
4,10,500,100.0,10,10,0.050064420700073206,0.04314947128295895,0.02798531630564368,0.09186396598815907
4,10,500,100.0,10,10,0.10909171104431148,0.10262000560760495,0.04128655432643552,0.17120579481124865
4,10,500,100.0,10,10,0.05539360046386714,0.0460544824600219,0.028778600022546966,0.09959834814071644
4,10,500,100.0,10,10,0.0582473754882812,0.05095243453979485,0.03138762090551739,0.10833786725997914
4,1,1000,100.0,1,1,0.1295020580291748,0.1295020580291748,,0.1295020580291748
4,1,1000,100.0,1,1,0.1118249893188476,0.1118249893188476,,0.1118249893188476
4,1,1000,100.0,1,1,0.2258329391479492,0.2258329391479492,,0.2258329391479492
4,1,1000,100.0,1,1,0.1130449771881103,0.1130449771881103,,0.1130449771881103
4,1,1000,100.0,1,1,0.1754047870635986,0.1754047870635986,,0.1754047870635986
4,1,1000,100.0,1,1,0.1295020580291748,0.1295020580291748,,0.1295020580291748
4,1,1000,100.0,1,1,0.1118249893188476,0.1118249893188476,,0.1118249893188476
4,1,1000,100.0,1,1,0.2258329391479492,0.2258329391479492,,0.2258329391479492
4,1,1000,100.0,1,1,0.1130449771881103,0.1130449771881103,,0.1130449771881103
4,1,1000,100.0,1,1,0.1754047870635986,0.1754047870635986,,0.1754047870635986
4,1,1000,100.0,1,1,0.1295020580291748,0.1295020580291748,,0.1295020580291748
4,1,1000,100.0,1,1,0.1118249893188476,0.1118249893188476,,0.1118249893188476
4,1,1000,100.0,1,1,0.2258329391479492,0.2258329391479492,,0.2258329391479492
4,1,1000,100.0,1,1,0.1130449771881103,0.1130449771881103,,0.1130449771881103
4,1,1000,100.0,1,1,0.1754047870635986,0.1754047870635986,,0.1754047870635986
4,1,1000,100.0,1,1,0.1295020580291748,0.1295020580291748,,0.1295020580291748
4,1,1000,100.0,1,1,0.1118249893188476,0.1118249893188476,,0.1118249893188476
4,1,1000,100.0,1,1,0.2258329391479492,0.2258329391479492,,0.2258329391479492
4,1,1000,100.0,1,1,0.1130449771881103,0.1130449771881103,,0.1130449771881103
4,1,1000,100.0,1,1,0.1754047870635986,0.1754047870635986,,0.1754047870635986
4,1,1000,100.0,1,1,0.1295020580291748,0.1295020580291748,,0.1295020580291748
4,1,1000,100.0,1,1,0.1118249893188476,0.1118249893188476,,0.1118249893188476
4,1,1000,100.0,1,1,0.2258329391479492,0.2258329391479492,,0.2258329391479492
4,1,1000,100.0,1,1,0.1130449771881103,0.1130449771881103,,0.1130449771881103
4,1,1000,100.0,1,1,0.1754047870635986,0.1754047870635986,,0.1754047870635986
4,1,200,100.0,1,1,0.1485190391540527,0.1485190391540527,,0.1485190391540527
4,1,200,100.0,1,1,0.2115941047668457,0.2115941047668457,,0.2115941047668457
4,1,200,100.0,1,1,0.1194381713867187,0.1194381713867187,,0.1194381713867187
4,1,200,100.0,1,1,0.1456160545349121,0.1456160545349121,,0.1456160545349121
4,1,200,100.0,1,1,0.1485190391540527,0.1485190391540527,,0.1485190391540527
4,1,200,100.0,1,1,0.2115941047668457,0.2115941047668457,,0.2115941047668457
4,1,200,100.0,1,1,0.1194381713867187,0.1194381713867187,,0.1194381713867187
4,1,200,100.0,1,1,0.1456160545349121,0.1456160545349121,,0.1456160545349121
4,1,200,100.0,1,1,0.1485190391540527,0.1485190391540527,,0.1485190391540527
4,1,200,100.0,1,1,0.2115941047668457,0.2115941047668457,,0.2115941047668457
4,1,200,100.0,1,1,0.1194381713867187,0.1194381713867187,,0.1194381713867187
4,1,200,100.0,1,1,0.1456160545349121,0.1456160545349121,,0.1456160545349121
4,1,200,100.0,1,1,0.1485190391540527,0.1485190391540527,,0.1485190391540527
4,1,200,100.0,1,1,0.2115941047668457,0.2115941047668457,,0.2115941047668457
4,1,200,100.0,1,1,0.1194381713867187,0.1194381713867187,,0.1194381713867187
4,1,200,100.0,1,1,0.1456160545349121,0.1456160545349121,,0.1456160545349121
4,1,50,100.0,1,1,0.1453568935394287,0.1453568935394287,,0.1453568935394287
4,1,50,100.0,1,1,0.2388358116149902,0.2388358116149902,,0.2388358116149902
4,1,50,100.0,1,1,0.1251308917999267,0.1251308917999267,,0.1251308917999267
4,1,50,100.0,1,1,0.1358671188354492,0.1358671188354492,,0.1358671188354492
4,1,50,100.0,1,1,0.1453568935394287,0.1453568935394287,,0.1453568935394287
4,1,50,100.0,1,1,0.2388358116149902,0.2388358116149902,,0.2388358116149902
4,1,50,100.0,1,1,0.1251308917999267,0.1251308917999267,,0.1251308917999267
4,1,50,100.0,1,1,0.1358671188354492,0.1358671188354492,,0.1358671188354492
4,1,50,100.0,1,1,0.1453568935394287,0.1453568935394287,,0.1453568935394287
4,1,50,100.0,1,1,0.2388358116149902,0.2388358116149902,,0.2388358116149902
4,1,50,100.0,1,1,0.1251308917999267,0.1251308917999267,,0.1251308917999267
4,1,50,100.0,1,1,0.1358671188354492,0.1358671188354492,,0.1358671188354492
4,1,50,100.0,1,1,0.1453568935394287,0.1453568935394287,,0.1453568935394287
4,1,50,100.0,1,1,0.2388358116149902,0.2388358116149902,,0.2388358116149902
4,1,50,100.0,1,1,0.1251308917999267,0.1251308917999267,,0.1251308917999267
4,1,50,100.0,1,1,0.1358671188354492,0.1358671188354492,,0.1358671188354492
4,1,500,100.0,1,1,0.1295521259307861,0.1295521259307861,,0.1295521259307861
4,1,500,100.0,1,1,0.2299318313598632,0.2299318313598632,,0.2299318313598632
4,1,500,100.0,1,1,0.1127710342407226,0.1127710342407226,,0.1127710342407226
4,1,500,100.0,1,1,0.1605870723724365,0.1605870723724365,,0.1605870723724365
4,1,500,100.0,1,1,0.1295521259307861,0.1295521259307861,,0.1295521259307861
4,1,500,100.0,1,1,0.2299318313598632,0.2299318313598632,,0.2299318313598632
4,1,500,100.0,1,1,0.1127710342407226,0.1127710342407226,,0.1127710342407226
4,1,500,100.0,1,1,0.1605870723724365,0.1605870723724365,,0.1605870723724365
4,1,500,100.0,1,1,0.1295521259307861,0.1295521259307861,,0.1295521259307861
4,1,500,100.0,1,1,0.2299318313598632,0.2299318313598632,,0.2299318313598632
4,1,500,100.0,1,1,0.1127710342407226,0.1127710342407226,,0.1127710342407226
4,1,500,100.0,1,1,0.1605870723724365,0.1605870723724365,,0.1605870723724365
4,1,500,100.0,1,1,0.1295521259307861,0.1295521259307861,,0.1295521259307861
4,1,500,100.0,1,1,0.2299318313598632,0.2299318313598632,,0.2299318313598632
4,1,500,100.0,1,1,0.1127710342407226,0.1127710342407226,,0.1127710342407226
4,1,500,100.0,1,1,0.1605870723724365,0.1605870723724365,,0.1605870723724365
