simulated_latency,simulated_availability
0.10011599276249983,0.9937278856055455
0.0732017204692378,0.9890095157118245
0.049133066084192524,0.9985020112912133
0.15158747430813224,0.9953230062217375
0.18185825217380155,0.9917181537932401
0.12920113378763773,1.0
0.06013429125184127,0.9893973853403942
0.10113048354071845,0.9963675962335465
0.07114646404427695,0.9965386391666269
0.12582344545945248,0.989331471105669
0.08624526986953598,0.9923012178537707
0.07127955918543996,0.9926465447922865
0.07950781811275656,0.9910892668022213
0.03415855822218215,0.990882360026095
0.08753979644981835,0.9973947784828859
0.09871154530236377,0.9896182074989462
0.11951869759951098,0.9893571983768795
0.16440649797176102,0.9992615730383303
0.06162391265211152,0.9965162301825001
0.1536062386419028,0.9960558688033394
0.04416233171457185,0.9911413628973119
0.04892673580489092,0.989730729882909
0.08898113885780848,0.9920710672221689
0.19661193995814383,0.9998838482104173
0.042719580610901364,0.99892062192981
0.06864466784958945,1.0
0.17101012005714572,1.0
0.13068519977221857,0.9878344597058589
0.07118680604868369,0.9993132098804914
0.0994630483829069,1.0
0.09417492709325431,0.9955318566197994
0.07926965254607327,0.9950434237522646
0.05924224577071235,1.0
0.05684613391388836,0.9923078532961639
0.0582977100622129,1.0
0.10140643648691544,0.9885972335743461
0.09891552780789667,0.9903143394556388
0.12602425175532514,0.999851042473527
0.08702261255768444,0.9937265793359483
0.09405442685333402,0.9990034681785745
0.09633200808015342,0.9990624510849091
0.11549482542185385,0.9979232125951522
0.12027870308422986,0.9914266478343927
0.06320788462031805,0.9886087803001021
0.05295514780960415,0.9999908069355479
0.0633401860785159,0.9950384080463383
0.10681514884024011,0.9940085004731667
0.08615515298307444,0.9913288371658383
0.06596774990993909,0.9929739263747908
0.11370417190828626,0.9946707673078489
0.07703982279693194,0.9952127832440939
0.11170248250802502,0.9935310496718325
0.0987502615488828,0.9979855996570418
0.07846565910001889,0.9950919319611995
0.05942503364733194,0.9924626544123476
0.07980886666078635,0.9922949560654467
0.05726779208457301,0.993187735096454
0.060193463525811376,0.995597042157771
0.10474648514600629,1.0
0.04688375294933151,0.992474552875947
0.04429597334442326,0.98689022677626
0.07203826619846665,0.9891057238757123
0.04358714726928109,0.9998107555998594
0.10844391796091203,0.9934544430907911
0.04877609788202099,0.9876716135051834
0.059866420095007984,0.9958723160802677
0.0911403227395072,0.9970176290332465
0.07976677169417455,0.9919888898732359
0.06424560135607205,1.0
0.10908834498445334,0.998662031357321
0.0849271251150584,0.9925949027998899
0.08937008037930527,0.9968343871061872
0.07205364836714216,0.9987748732282249
0.05154448157073494,1.0
0.1301114131441503,0.9909868900800114
0.059861772924266365,0.9891784300740311
0.11781376265154206,0.9923059839259049
0.058327333966048354,0.9931782040617257
0.08411128548127852,0.9840693367065296
0.07981225621317511,0.9976235672432026
0.1374337150757923,0.9955051898597889
0.06677510417438517,0.9993291400989168
0.08776779218162037,0.9868701676582698
0.12617203032331692,0.9952392874705096
0.052352257678534735,0.9975951084517304
0.11280196829306006,0.9873077769510337
0.09118405030791055,0.9920616628958251
0.06210836889477291,0.9977695194730831
0.10363453265091448,0.9926067919818783
0.07552439007064636,0.9986736979017927
0.10309764417980281,0.9863972611831199
0.09689684551726632,1.0
0.12990563167701855,0.9945807402620687
0.06916547103403126,0.9834832373188497
0.11719400700722146,1.0
0.12425320529735752,0.9936924625978695
0.06546140012589599,0.9883331625959751
0.08545791081429142,0.9880879104072814
0.0775807196288332,0.9987095812167915
0.08870052372269215,0.9849558316911469
0.15022533329231819,0.9839932254293217
0.04999357921346431,0.9898999945817406
0.08802175386318557,0.9957235229315592
0.04683667674492233,0.9926955986032646
0.06651220213229397,0.9951858978602404
0.1364459411424668,1.0
0.1157372887541645,0.9906055012582069
0.07416622650535944,1.0
0.0946119097400014,0.9957914104858706
0.09891319234602693,0.9988703651358625
0.1025786637758656,0.9843321540565312
0.07679632135003543,0.9899601650139777
0.08330744989608835,0.9939919337137759
0.1033629682984391,0.9947985078342225
0.10239396837873342,0.9952016389016881
0.08948700291357582,0.9895628604640633
0.06590165277944286,0.9851600474124645
0.06512919350289277,0.9989588211809732
0.06328351938206629,0.9938746031069494
0.08490797684519867,0.9955608867944782
0.08506954254952552,0.9868142304028306
0.07959460262259688,0.9813108931774551
0.08639372684425671,0.9978676050545018
0.056665123297549046,1.0
0.0693943629547411,0.9958270529113629
0.07421031653353215,0.9916022667196436
0.060924683847229634,0.9940553519537846
0.09715072313272963,0.9869519117697299
0.05493222030771189,0.9942557104124183
0.11449297532989176,0.9944620004344356
0.13238096322464948,0.9896028200693378
0.15390177131214586,0.990423697408835
0.07128777345421827,0.9921991129999527
0.06696097309182165,1.0
0.110456099116719,0.9936771692796347
0.06911724912992351,0.9955353134575479
0.10374520874261837,0.9940170959273299
0.09753984883199847,0.9857721961199535
0.12583640940845625,0.9872864688093859
0.1407259322971363,0.9911278933611074
0.07989570580004643,0.9918318154433502
0.09391117336029405,0.9924589549907652
0.0426162833243646,0.9984980998575951
0.12729050056695457,0.9962782835205782
0.06459063224251736,1.0
0.05668589864794032,1.0
0.07323546900782348,0.9997561207409738
0.08036968888010845,0.9979420901613962
0.07466150887374164,0.9985339233589939
0.1149761122559991,0.9930300870772677
0.048603829596867966,0.9886124880810662
0.11149773593958591,0.9996686642413009
0.12966605726818553,0.9884567122061322
0.05567890150507784,0.9941204426307544
0.0775427789274016,0.9983155450545319
0.06592335000188305,0.9959062028422495
0.09125715534136432,0.9979318394495905
0.0958643764649732,0.9961952916328883
0.06123769198107664,0.99345353811236
0.07819188062386577,0.9997699857406862
0.06481393210582038,0.9859015102926342
0.10714173973420692,0.9834259676704528
0.08804492075021171,1.0
0.14381946253119798,0.9901156361247763
0.11895258002416746,0.9947244747506501
0.08091826142228589,0.9906240916124726
0.07807043777843406,0.9886134121930735
0.11729706111452877,0.9902472622152767
0.11126488742501324,0.9989393698315274
0.07375766808986223,0.9927015825502741
0.07275353203461479,0.9944895821364863
0.042836763552533234,0.998332019880648
0.08762083485442217,0.9889041655688039
0.12378329223551185,0.9853430542664431
0.09850559896854516,0.9960368396703732
0.08755514394979821,0.9917319009643124
0.12700184311314353,0.9974502114535491
0.07490533880920835,0.9924379735199742
0.07224826490447869,1.0
0.08411047907663037,1.0
0.09386690358531227,0.9942733196986839
0.06750899777060261,0.9944205503324015
0.07424609500183804,0.9868388901976205
0.11764047535118669,0.9980946906363947
0.05572178304085054,0.9890731366922526
0.04692321234771975,0.9890052186431745
0.07434378823247717,0.9886116183397785
0.03602895096183025,0.9953084892146518
0.06582991253011608,0.9938715946746561
0.1343103244191855,0.9904659192240691
0.058652520579776685,0.996131053047829
0.12432970867058964,0.9957402460352314
0.04739258601681924,0.9955677145689902
0.12635720861480576,0.9988058514079616
0.07415446355972714,0.9981082915560773
0.09424832522415946,0.9962240417474084
0.043582711948749936,0.9915550347544226
0.10680904171775614,0.9959836116674011
0.06402597908340582,1.0
0.13868862603589102,0.9869124976223128
0.08991023140270826,0.9960812215558892
0.06982088145037485,0.9954375199889862
0.07515914341305022,0.9877154926342895
0.047228209229849785,0.9893567190042966
0.1035565529578255,0.9995429136351462
0.07476955912933639,0.993148515523199
0.06444263373384301,0.9927730957108316
0.1286593615154933,0.9921396195377266
0.0968245507748395,0.9956905270070109
0.07589568478437908,0.9911614596814982
0.09999571332728364,0.9969518891242821
0.10712114932061714,0.9924051149408368
0.05501928185709062,0.9937951105732263
0.10853488561615564,0.9924760564773277
0.08361920831355196,0.9936366752352902
0.06587929641356438,0.9917144063292735
0.07929139878620528,0.9959315140154781
0.05792382241479196,0.9847564418305464
0.11666425637849215,0.9925494928255969
0.07317294299975884,0.9884386915551082
0.060414514738790455,0.9854954382632692
0.13008265724602622,1.0
0.12363881901181716,0.9964253298501237
0.12127658618181839,0.9928137760859441
0.09598848306706236,0.9991073690801224
0.07814730426236384,0.9993452870629762
0.12564320019279368,1.0
0.09559289669430589,0.9884500286746448
0.06783647122621286,1.0
0.06501688763010817,0.9939274023722752
0.08602016726751666,0.9957618593447363
0.22143406338411314,0.992307420546878
0.04052484338965409,0.9921660629973558
0.05180727158022777,0.9905169763251799
0.05745839540055303,0.9923631964198544
0.059511752468925906,0.9938854187446668
0.06108270217071383,0.9973462714955553
0.09946017698566441,0.9957182286597344
0.08701282912698714,0.9966694603939444
0.06958126766351361,0.9983688546861863
0.16616572233858218,0.9927715952605779
0.06119509310300619,0.9968081200893485
0.10458137577477396,0.991348582209457
0.11730981766338083,0.9981627968422677
0.05831247281968449,1.0
0.08311613388866419,1.0
0.08586401617864695,0.9959185443993595
0.04254592608638506,0.9911049136709834
0.0743651017219979,0.9907560394694159
0.06350048034568506,1.0
0.0833462053318373,0.9938339866716819
0.10207946456611691,0.9859759462046309
0.09811783418478982,0.9938712474438501
0.08066087793254995,0.9988362603652452
0.08036096590867924,0.9900367183965805
0.13487464806658206,0.9901443516822903
0.07793950513237902,0.9914864288205906
0.16879460285341819,0.9855571124475322
0.12048661069175244,1.0
0.09023675641429932,0.9932010888527542
0.05156647657527314,1.0
0.0907190291457134,0.9896765672008523
0.05292237969478668,0.9979282621113994
0.17398097180363614,0.9883019594583297
0.12695074490028946,0.9948932983302389
0.11583217666116243,0.995257224736425
0.11709647795370065,0.9966681204093747
0.06371022078672285,0.9970577469647763
0.1265351828113361,0.9929019294935928
0.09770122784610313,0.9997268556971973
0.14605707058112052,0.9915711961916106
0.08355977785488565,0.9917337134115635
0.12143743310915023,0.9922113609496356
0.08052948591428946,0.9974478165849451
0.0830332903520733,0.9982694185302472
0.0879453071238315,0.9965227034285333
0.05973087365171856,0.996702274996771
0.060034888203438795,0.9924975197908976
0.12962954381954517,1.0
0.12284107248406513,0.9908616261624876
0.08641852185165246,0.9958808586168348
0.06281897032907416,0.9930342039256035
0.17894977930206316,0.9986382328209784
0.0809423573264991,1.0
0.20659047560428162,0.9894913519073771
0.08476796143551803,0.9920283430914463
0.044944110208406524,0.9895153164692659
0.04340952210092966,0.9939866699075857
0.0804421135863018,0.9964229500029136
0.10207486080464322,0.9930598132757545
0.14343738524708546,0.9985133139760384
0.07307807551966491,0.9901034856028776
0.08852236509776683,1.0
0.0751716803695079,0.9886653603896628
0.0844947098152848,0.9941826539770973
0.08255595191209802,0.987653693766004
0.058568674096956735,0.9914807243066331
0.03976323243009481,0.9978451381559229
0.04892706436100805,0.9969543759303957
0.08939544384720954,0.9993855333524516
0.11638641944089394,1.0
0.07576103157225109,0.992302788426885
0.08004751012659309,0.9955105797485843
0.11277788212102266,0.9922577313076967
0.10677717755434925,0.9963039671467898
0.1233602817347928,0.9977276593867372
0.10599672997021338,0.9972526518213991
0.10659572256006816,0.9998890740068721
0.08767134067948719,0.9914910470446293
0.04433248325904108,1.0
0.06861008715981186,0.9860540245271702
0.03975637553545026,0.9989093827581434
0.11282816989464638,0.9970378736543004
0.05639731280227991,0.9938053382251182
0.12592365400482333,1.0
0.053932249711749446,0.9992854784316684
0.06347494437460738,0.9860268795917886
0.07198711001282013,1.0
0.0681826253508605,0.989106355140482
0.12078750216899813,0.9860417427414483
0.14861463737611152,0.9857416690845568
0.12315933129663618,0.9982847915308549
0.10256296951980308,0.9849667530991819
0.05681869924337052,1.0
0.08571336409680125,1.0
0.07586725756283474,0.9944219199856942
0.07918934142950236,0.9960304590427659
0.05723149585125293,0.9934317617191938
0.05650414856268133,1.0
0.07689501998441996,0.9957584682869541
0.08691348547894838,0.9949092060604804
0.10197497352841639,0.9873435563141145
0.084252756566767,1.0
0.0707869417307184,1.0
0.05621934326378739,0.9886684115791776
0.1384713551345439,0.9971333874476154
0.09548316559492674,0.9889707078811024
0.0622898789225866,1.0
0.06741918188450714,0.9941499923596185
0.05576293290616847,0.9924531834364155
0.06725661947398648,0.9908764201927011
0.08576763367553757,0.9855106208315316
0.05621376819990951,0.9896790025092601
0.09283703771924032,0.985711419851434
0.07296565167772809,0.9868998852028416
0.06634664510561074,0.9881403872049859
0.07453781202436158,0.9961303633436874
0.07380113487444012,0.9967873431843897
0.08334100333282682,0.9852745820319919
0.10541579522966114,0.9944791310352207
0.13409256641932024,0.9923635305504751
0.10290020257062694,0.9999424698546736
0.09858451084398354,0.9907358138065617
0.08084437496624895,0.9918235801435168
0.06219896946697339,0.9947165488820326
0.09059621922882768,1.0
0.07924598700267363,0.9925447351736744
0.10461375335785081,0.989656807983149
0.0741985299289601,0.9980596275419603
0.059715061077923806,0.995363795211876
0.10769105464633172,0.9919367560862871
0.07299661308751947,0.9877876662782519
0.06745789767224496,0.9939053422310407
0.07459371314395065,0.9964245528516412
0.1348579659295853,0.994299024178892
0.057513098174069716,0.9947567215687932
0.07835646553563344,0.9898571641749478
0.07353267857858742,1.0
0.06657995015880042,0.9938483224249288
0.10202080531814736,0.9894224629512758
0.06983766472373205,0.9995002588207915
0.08809933625142616,0.991562809169396
0.11055796563396905,0.9874364597498053
0.2071084841674365,0.9842080242325905
0.06699782147966027,0.992118148391684
0.046716338814093906,0.9874664696500511
0.09427153885741199,0.9888427687971902
0.11019318477113114,0.990830640976566
0.10240250939609905,0.9869831841362986
0.06790240170871462,0.9935042861682594
0.08104427824335868,1.0
0.12096181811560756,0.9954130542648312
0.08789661849703975,0.994580924808869
0.1643781774235031,0.998116882882569
0.09777795359863323,0.9948629121442087
0.14449261665781724,0.9968766318019286
0.11378781621034904,0.9966544776370189
0.10787594441622397,0.9993641874725128
0.1173746427031279,0.9853398201078862
0.04723488346253755,0.9986613216924329
0.08822814673280584,0.9933644285842052
0.09999277085235299,0.9933766661302745
0.05555089165325174,0.9985086059411876
0.06375883080650657,0.982341533359451
0.04916165872841272,0.9930649851139844
0.07131505546096158,0.9943769399708482
0.12210773853276646,0.9884390402675423
0.04310344341989275,0.9894228801030273
0.10365105256639022,1.0
0.07630308310797979,0.9939813812138967
0.09633818383123909,0.9950836724405294
0.07450684281594747,0.9913845666002126
0.08016815650102416,1.0
0.07883779324413856,0.9981488792673706
0.12828710956971423,0.9834660115259302
0.06763944700516988,0.9925502439827214
0.07671226118368743,0.9995616223072429
0.16116399305705315,0.9930858429591509
0.10307357857145107,0.9994691102312901
0.05194176815624825,0.9902973423843705
0.08938619493214221,0.9935362286049417
0.07099931462363752,0.9931498607710884
0.0687431980009514,0.9981332008127894
0.0721458110894085,0.9940752419963106
0.054264737059336765,0.9865503584922345
0.08589730847685882,0.998848206749971
0.08535883850293677,0.9959973617543555
0.04898008319816103,1.0
0.07570630347372745,0.9956649476957119
0.08608368957650003,0.9898200883581123
0.11825320370910138,0.9928879212923124
0.04306895677177044,0.9843841799594024
0.06000510221628222,0.9976434560814582
0.14027454190698924,0.99649852618362
0.1176036578551932,0.9965413989885785
0.09580227178675389,0.9922638079784014
0.07264282863559561,0.9923853902834193
0.10366558707971855,0.9894525698616063
0.08256377525914571,0.988376276358006
0.0640237738642362,0.9941232978607979
0.0997308868051893,0.9969540508490935
0.09466248395238286,0.9975761305246225
0.06525244460730609,0.9887555684719918
0.04916644383201768,0.9931723511599668
0.10205935081146107,0.9971062012502583
0.08589628064243819,0.9896860241173039
0.0926105255616999,0.9918638479587862
0.04912206443043017,0.9953643734743061
0.049147822525434426,0.9971478819955741
0.041937264893929876,0.9919558603000074
0.16111737540799628,0.993448490564923
0.05040313539673008,0.9930293841262102
0.09047420905162348,0.9909898812544944
0.09125883913642889,0.9950193786205275
0.1565648899603779,0.9915392897825489
0.14475659900776616,0.9883937466179163
0.09843496367388982,0.996143266477602
0.09332599614640136,0.9917810032257502
0.056247158589776095,0.9898762130093124
0.08324105579097814,0.9889990648884353
0.059585801665522665,0.9995666810267231
0.10615549361822502,0.9831039717001205
0.060482092282399286,1.0
0.060084313951366305,0.9975806817534569
0.05944437690561523,0.9888943027815195
0.08115021475993044,0.9952202270168677
0.031490423701318083,0.9917667647088608
0.06266344397112253,0.9891544069663653
0.07006519562653685,0.9981733552508879
0.06738462785231594,0.9914793509714719
0.1539217898488074,0.9957022079184059
0.07444980017834583,1.0
0.15466417258492535,0.9915527074163114
0.0850902267228324,0.985921490076401
0.10960120820216082,0.9905043210658746
0.08160987388011916,0.9883046408665368
0.07998538416320539,0.990465388730896
0.0765887060995664,0.9979558246092233
0.11954005353638843,0.9936660031221304
0.0702327632291597,0.9903277473226381
0.08599071361193501,0.998849962735876
0.0887199443391751,0.9968897193757125
0.07178594389971148,0.9961414962797912
0.04261334619004744,0.9943723339039138
0.10976920423526428,1.0
0.12376620980452332,0.9952773331069219
0.12132429557133786,0.9923117888538855
0.09400533199736275,0.9976454838262157
0.05143836394353562,0.9849638140558749
0.1244605022078211,1.0
0.05110835511537519,0.9859959757383996
0.14070145862913555,0.9947735336411319
0.07910851334476286,1.0
0.18488908443623114,0.9854570435542166
0.08594088322545716,0.9969916791804043
0.03511617056508391,0.9900014253662741
0.04982707654988271,1.0
0.0881290265932173,0.9874553169008701
0.15898223398176403,0.9849312521496173
0.08800058833200079,1.0
0.06444165153803807,0.9925019126518048
0.08753715399230766,0.9948804062994125
0.06933476176898484,0.9916925171411842
0.06491052922477651,0.9913515684424192
0.08518278425349547,0.9996306479925762
0.07425390106280803,0.9927111794204279
0.04720193016762201,0.9906200114074507
0.07478845248704186,0.9869079561061417
0.11889158451223206,0.9923046217107995
0.06933206564871554,0.9991018587054439
0.057459934460187954,0.9947165564667383
0.09265952876217691,0.990192452519039
0.08377832388552006,0.9881555333295313
0.12976018187811042,0.9937619508980455
0.06040312866717223,0.9851733665023055
0.08387836654127788,0.9907934223649837
0.058144068568612844,0.9899416306881962
0.06501835747922607,0.9909766216620542
0.12066064971066327,0.9912911086432932
0.0932898735937113,0.9962285787463663
0.07147839551777158,0.9961704853134671
0.08177654740021052,0.9903435341532691
0.062275713451697905,0.9839682034652583
0.10949295071322114,1.0
0.1255237537129009,0.9940283228403541
0.054806440141750644,1.0
0.06426514739622981,0.9960876398681344
0.05874427276083718,0.9986091629916256
0.1105063675529674,0.9891528373307851
0.10193574541188452,0.994113774776255
0.07517125159486293,0.9883157836345068
0.07155116306058538,0.9885834685569821
0.051649967942065,0.9872637352070502
0.11297016449266055,0.9847330285485557
0.09451388894272246,0.9974437459397161
0.05591672179464539,0.9915318372369277
0.0986079745878475,0.996618705439501
0.09120657978865081,0.9982453309466552
0.09518070345289817,0.9921895687040903
0.11234047459921054,0.9907616187173075
0.08178177414483805,0.9829679191749134
0.09660127864212406,0.992906613590354
0.13522338048960136,0.9983871088586074
0.12934570815457846,0.9943448462882336
0.1416528093712091,0.9899963040040725
0.09781107799045455,1.0
0.05043337347378145,0.9808115501630321
0.07857830264532706,0.9934942867374065
0.09632638020250915,0.9983403805855388
0.1096777612925926,0.9910838392674355
0.05741169198092912,0.9924538176981774
0.043375226506317456,0.9896997389679534
0.05165424338677139,0.9836553409927538
0.13530949721672017,1.0
0.08888724417522609,0.9883829274677234
0.11390221327572905,0.9961754808904594
0.07994910786625169,1.0
0.071791817633333,0.9860151661478983
0.08533561581697892,0.9906067019816791
0.1362045802697039,0.9841126997338304
0.060906911361647664,0.9925853316087389
0.09300069294468644,0.9996031736782217
0.06158715551357798,0.9925247692926153
0.10439636437984103,0.9841848868161023
0.09743068931645198,0.9884998581849481
0.05933544877962002,0.9933207103709532
0.0823636760271263,0.9983964544491498
0.1012351041020046,0.9944970254305272
0.10409385355437852,0.9889915338448724
0.11572339815230014,0.9916497225678691
0.034536828075755366,0.9918457175430817
0.11462016011352803,0.9878915236382425
0.07915491650423168,1.0
0.06846489320911617,0.9883213818812046
0.051097120608678,0.9954010999158405
0.05367404913089723,0.9876252824400025
0.09142994021733677,0.9917258631352935
0.0674779396301026,0.9882969443748105
0.05942347080867896,0.9835981424350168
0.1277406956631385,1.0
0.07660519142084624,0.999084109399561
0.09175681309057905,1.0
0.07013167979146553,0.9937792355785169
0.05856232251529985,0.9950200639995805
0.05831887346810253,0.9968149859693274
0.11636552871660774,0.9838050152966031
0.041427947935669666,1.0
0.07834082483427214,0.9982103267602144
0.09972836164495319,0.9910199621325799
0.08418684597689337,0.9913637369206522
0.08888515595650176,0.991390585896551
0.07544664425304284,1.0
0.058848526498807424,0.9944359511935831
0.09057999674754558,0.9954986985310278
0.11046702048523221,0.9961173585505784
0.07626060952236628,0.9970603209274115
0.04840170452503729,0.9928630266495007
0.06027520447727534,0.9936887514497299
0.10820692557200454,0.9963938937856336
0.08611476537109526,0.9878103489576207
0.048666086939822516,0.9985380008352945
0.07169620903551494,0.9971393870034486
0.05949752649604229,0.9945301531704618
0.06926139064782158,0.9934356344786849
0.0661387887918613,0.9869765961495478
0.07650989511002804,0.9986407853533541
0.06190098636040677,0.9977903472459415
0.08941004476453951,0.9926627383840483
0.0542247132768711,0.9944372025616572
0.09517079950843364,0.9901862849343903
0.08325698676783198,0.9935283934100334
0.06836070853435246,1.0
0.08891426201440247,0.996350457837726
0.09185682427040137,0.9957746672140215
0.07055676986973228,1.0
0.07859678722692826,1.0
0.09055221563176771,1.0
0.06648615864867762,0.9939273224379808
0.12205447621758746,1.0
0.06774096609818997,0.9988184886873333
0.05415573456700769,0.9988371584785465
0.11789569955037384,0.9934722131816855
0.08611251978082896,0.9946882803102585
0.11500446675321678,0.9885787465664938
0.06671434221664653,0.9929830817780352
0.08698704620812542,1.0
0.07767576859424766,0.9927178196256593
0.07221539224023542,1.0
0.04683752314851275,0.9902682202533378
0.06622447795120558,1.0
0.09085489548728151,0.9991448325471509
0.07340020310571997,0.9874502332056279
0.09425971796344451,0.9843855289857295
0.09428024231408086,0.9864257895771669
0.05986997387827416,0.9936784522107165
0.0652381687100548,0.9987861607829853
0.14818020980043167,1.0
0.09579238437440626,0.9997213230936471
0.053999985219784476,0.9915412852810559
0.08506021362750854,0.9953775063641671
0.06968602959186819,0.9910413633631215
0.06837112228381385,0.9908123633143845
0.0536008406382192,0.988694134383004
0.12222556567199307,1.0
0.09781538884025114,0.9903242182488656
0.07722988648057016,0.9971551519075813
0.05762661143633555,0.9993452863845625
0.0766769434488248,1.0
0.11143124947479856,0.9881028612488021
0.07836228067152856,0.9937636341223384
0.08664743620909769,0.9964312679684365
0.15734448882719596,0.9977804750001213
0.10943922662672936,0.9953820125160726
0.09419380734976993,0.9944585443006142
0.07776879639649134,0.9879187158492573
0.06599468863503942,0.9812145339764028
0.051496680567821716,0.9928532791645713
0.1297393766273148,0.9926328528525704
0.07624523587567364,0.9999248749169831
0.11170947340872221,0.9850843196565778
0.14250738294991555,0.9818047941304874
0.0863314887088301,0.9873600253109917
0.10172929993919679,0.9926064663300204
0.06061879288484522,0.9923835093203099
0.15562761353027574,0.977367275957779
0.08029978155003904,0.9957768294718424
0.0821178767452584,0.9943726182997241
0.07719007213210076,0.9998280847616275
0.08501970357135472,0.9899280427569342
0.07362403426580638,0.9984831746616611
0.06479394374890997,0.9905019185224707
0.056861417600304415,0.9971628827443983
0.14226696942261638,1.0
0.1411714331039613,0.9978360299088934
0.051604568021845904,0.9943305427828166
0.10274509972038279,0.9894538166808271
0.09826173984393574,0.9945237468098015
0.07059099870920281,0.9946325415623686
0.11465419516962945,0.9907034838229434
0.051001239160533014,0.9900805669838592
0.04842342016379846,0.9999572225765512
0.05520902478236297,0.9930914006033666
0.07004878932399897,1.0
0.1267408790530846,1.0
0.0480364489850767,0.9948907111795118
0.09195777969364702,0.997237692657804
0.06104173587963795,0.9864906170185139
0.04758007273042476,0.9990799315144642
0.11859589304226151,0.9937211560645804
0.06394910484357441,0.9846653244619205
0.061625306855735765,0.9954538982166433
0.10496725084808935,0.9958267866571385
0.11768650794002594,0.9921626285802854
0.09398723941549407,0.9993073365803504
0.08699149165878821,0.9912785530465239
0.08000273874969747,0.9867184176960202
0.07428957423215075,0.9983059864337954
0.09933708339731125,0.9878643934872606
0.08369938637704233,0.9927932825951495
0.10504348685925533,0.9884243208807937
0.08308481242029243,0.9921022802522339
0.12067672178665304,0.9957348316959969
0.04216199150594024,0.9858969120041223
0.07892176682199732,1.0
0.08967860198936077,0.9996702033471614
0.06264854129959148,1.0
0.07554580326096595,0.9833158463925102
0.07260485945481095,0.9996378420176607
0.09229331278153159,0.9908924588605615
0.05424489151043595,0.9906379850881493
0.0896632213561814,0.9942279058846311
0.09756778774305452,0.9905109844640183
0.045713528440460525,0.9932023347148189
0.07845735382016919,0.9989602865763436
0.09486797024999402,0.9912863811189091
0.09816462170588378,1.0
0.06439051010004483,0.9918161432706943
0.15743659675923738,0.9981449156586009
0.06610832078404594,1.0
0.0728332644839369,0.9928966731803985
0.08122390267573568,0.9872939402914236
0.10928916690060884,0.9946558791576257
0.0975200978171072,0.9957316127837018
0.11446547855821776,0.9910849455101689
0.07973616796925065,0.9825273035160632
0.08976582415088609,0.9969864954127966
0.08462704041678802,0.9981058033741084
0.09614047343288146,1.0
0.09697566850378517,0.9998125914391276
0.1052228274374673,0.9873751045456072
0.11469191293821382,0.9883345918667878
0.0702120457686371,1.0
0.11157200501850664,0.9912586116254115
0.0996681119823673,0.9928969239386686
0.13057620886537502,0.9897940995556244
0.07846509062068141,0.9940019203400002
0.05658062344998843,0.9958040615640756
0.0945477252674127,0.9968606527151606
0.14289967182019472,0.9976810761683308
0.07173684071580012,0.9887251845501368
0.06811194750752102,0.9893386570676845
0.0839796187905802,0.999367797713596
0.08272441884884844,0.9964017600431493
0.06775740835831708,0.9990613122642049
0.1368203710380084,0.9993157241494097
0.09535723593621057,0.9911286205126946
0.0840747416639822,0.9979844476298143
0.06564361317751558,0.9934714435537303
0.07279825953721754,0.9915428405402984
0.048691533709245026,0.9983245345279373
0.07163888156881239,0.9957709414701603
0.09726902294030161,0.9912929301980788
0.0694886824933265,0.9907770123758307
0.0795047092558189,1.0
0.09783244625498362,0.9860037392632302
0.18791729579708968,0.975408973315268
0.08225327823117581,0.9863523167189875
0.09825575546860689,0.98557442949589
0.06843769293080913,1.0
0.06220892451353245,0.9995766028214541
0.11211333580716112,1.0
0.07537701583642986,0.9873374743451873
0.10329556674729669,0.9974002700683791
0.112968330565238,0.9930114303820436
0.07068587866718586,0.9912504116745405
0.06887774742445688,0.9958594667427652
0.05232742527160194,0.9929199543058015
0.06762053367649842,0.9952077927267496
0.055199340492712454,0.995051554968547
0.16032684067284364,0.9886689173169219
0.06892681826267957,0.9948687656509664
0.060542675360679185,0.9888288844229566
0.13142477777252876,0.9910093630501623
0.09788544970032967,0.9986389154055764
0.1317200919041908,0.9900285567775322
0.06277568010019809,0.9920513177983247
0.08135265972841209,0.9971992843539996
0.08333271082209874,1.0
0.08526428834671643,0.9957755896837376
0.0531956334032754,1.0
0.1669416671503609,0.9842840318345784
0.06283587199494489,0.9940437361796225
0.08302670944480912,0.9996771904225465
0.15048875049807392,0.9960633782611557
0.08374629515076268,0.9992439733257891
0.07287100484259167,0.9954573181753033
0.11941760241988769,0.9922295893202568
0.04046761539236352,1.0
0.10192134777051884,0.9911998034555985
0.0963106298605306,0.9989194985965509
0.12622767879602895,0.9950257523480551
0.06669732934839077,0.9980363648773355
0.09156007506283335,0.9933018579608588
0.064381300806791,0.9932989226863675
0.05276264491725664,0.9910091225786187
0.14364912518638734,0.9973512072957509
0.12218232578265241,0.9904344877646445
0.08988769292456915,0.9933732361057241
0.044368045776740875,0.9966807639606069
0.12285887997113001,0.9918843683397366
0.07302777523951193,0.9930440015735447
0.04904231987940786,0.9978186737579193
0.09616189224382973,1.0
0.08295535782875302,0.995865221112705
0.06861429792474848,0.9913664849536503
0.0666243597669816,1.0
0.11888147431139699,0.9889380375634573
0.09724164447029919,0.9972210832371472
0.07670645018697453,0.9996331215369807
0.1063268276082779,0.9874706036002533
0.07271622307329743,0.9971422681221136
0.08595169568502517,0.9911245819244283
0.1697649783443241,0.9914175363355021
0.043420456382894095,0.9907653961727627
0.031597458885886505,0.9922254012491353
0.12247725528953102,0.990089209982873
0.06667260227307759,0.9966862149549796
0.09410260983376,0.9894954151804016
0.06589800093368738,0.9842399060724025
0.10300787606974277,0.9893668153655032
0.04670188426821625,0.993394875384586
0.08976745546334956,0.9835170014295385
0.08820871728597923,1.0
0.05426154295698931,0.9945228364665227
0.08916822436473054,0.9949371237179838
0.09846278870710763,0.9954556369695443
0.048715130937766575,0.9984690697800949
0.04847219220174024,0.9861525324566687
0.06564109183113326,0.9838814973139929
0.12357749081901072,1.0
0.047607277873567146,0.9946488521265547
0.10211941631224686,0.9907886150982266
0.04317693018561656,0.9941298659550646
0.06836446254383181,0.9928214541626146
0.05241353722651846,0.9931159828608681
0.1012501568570605,0.9881446607139239
0.10505441510459597,0.987061880842549
0.07193009240177857,0.996068861111391
0.08406143485889704,0.9942988488484109
0.09288584718266499,0.9837931389346852
0.11109385698895381,0.9917065903763428
0.0703210887624944,0.9970253587540517
0.05771458896528645,0.995716719132858
0.12951028314991087,0.99434221036949
0.07543749375648356,0.9976962720954934
0.09819918672238728,0.9923484408063417
0.06855560038744878,0.9963988516059443
0.07045417011473645,1.0
0.08319772767377996,1.0
0.12165473266670115,0.9935280911291152
0.09939923561110128,0.9871141370772251
0.07612799447231071,0.9932684603229366
0.07521887111591365,0.9890514807436956
0.04899825403236948,0.9933719660443145
0.059973449297557116,0.9908792058107789
0.06520178301467407,0.9982695664450308
0.09457056449364262,0.9908688783521247
0.09650984936688364,0.9980056521807119
0.07413562223461687,0.9962045710014265
0.0592109810776772,0.9949708798266939
0.0901999764652887,0.9952558499719142
0.06258905699836406,0.9870332867073178
0.062681690154355,0.9883833698637612
0.07790573814075982,0.9932289059656431
0.07722545745197557,0.999615884007912
0.06778110165985735,0.9874421407705094
0.0832597916907176,1.0
0.06312486004663488,0.9951424396777158
0.09624167099175497,0.9874541788818014
0.043844100949598494,1.0
0.11043296152162223,0.9966305195466356
0.09991207408927562,0.9936695372403672
0.10284636907377258,0.9872171189951257
0.05582040201173569,0.9901306033360697
0.1272037416363804,0.9941897509032241
0.08999306785706992,0.9821781819416472
0.11443777197775605,0.9944717561761685
0.10649313288666723,0.9910256992640215
0.0719516385354588,0.9896975378997231
0.12165707572219094,0.9962596276416668
0.09312337808760172,0.9937252501750449
0.05841465400188951,0.99813159082322
0.10727757947465325,1.0
0.11879348678289324,0.9893819818643722
0.08871385821460984,0.9925196946802506
0.10954076401170579,0.9891944489661647
0.2048854983826039,0.9956193341379498
0.06533466404018468,0.9852092217937993
0.13523096383585417,0.9893587250354761
0.08249278210946742,0.9905470156671674
0.05139077963443881,0.995960801706329
0.05627791764863418,0.9975763938794381
0.08909285484573413,0.9899061109005364
0.1573572864767287,0.9941218289746347
0.0665424425961139,1.0
0.07991586552702475,0.9990565469472926
0.09570377604805917,0.9929533682024809
0.1099077532209045,0.9942191704296265
0.1115338044206036,0.9980062546626667
0.03434947591289719,0.9968766229060068
0.07844594241092682,0.9956788637129119
0.0779216224607467,0.9912341001167422
0.0859990251452021,1.0
0.11345250979285222,1.0
0.04555955423733413,0.9940962927369896
0.10679884535223426,0.9878351044472046
0.08890167026183303,0.9922206802228375
0.07633279351614312,0.9934959832321221
0.15053034084901382,0.996650392827354
0.0474164853178651,0.998749965479834
0.055125598794619604,0.9873898746151994
0.12652417697962234,0.9898205783776713
0.059399652854312236,0.9981348248493823
0.08046840326877851,0.9960637745776753
0.06757509699828815,1.0
0.07699667783508449,0.9897430707521695
0.08946638480954641,0.9967364943434806
0.08114909073023911,1.0
0.0946127434229973,0.9935295566829992
0.11691829307602503,0.9905635198938602
0.0710147718481362,0.9882607492517463
0.08452238722507843,0.9835253852152605
0.1116389554348106,0.9946483916601664
0.0660039399603857,0.9963391665240291
0.10957502515943482,0.9883640307372806
0.0619042818516015,0.9916733586951127
0.11756155989038317,0.996370517552819
0.09541706835021276,0.9970143867955048
0.08065470028858464,0.9963051802415973
0.06259880333343072,0.9978351151217755
0.06897769403062168,0.9940353318583581
0.13211113061351867,0.9998776679746474
0.13017639386986385,0.9925257943375893
0.10792914262863752,0.990153315246438
0.1216120396936737,0.994234902124827
0.08908589056865772,1.0
0.09871272567046242,0.993971831821583
0.13855746437843386,0.986326169486413
0.05407843678677726,0.987867760456573
0.12321543630137094,0.9969742871799646
0.059835088073265846,0.9958747421479905
0.09779730322460586,0.9965570068596245
0.07673461694372612,0.9992657653829587
0.08132015442748888,0.99036453611671
0.11144964544471446,0.9974004136777648
0.09212356070023897,0.9915427782377004
0.08296298899505955,1.0
0.11885395025407101,0.9935914646426174
0.05441968902254814,0.9898427943854838
0.026287524797120054,0.9902287630989332
0.10166433518996008,0.9851654164250405
0.049298955747885474,1.0
0.06981142143343293,0.9929390199786542
0.08080528280173477,0.9950578655740627
0.11100758152443713,0.9947938018886037
0.08387804872588679,0.9985528519838519
0.06881581893236699,0.999616791576611
0.06440709217621901,0.987974995418636
0.05892198492308719,0.9913692154950852
0.1261549958021073,1.0
0.06550055676046544,0.9917706314794806
0.13902866857831375,1.0
0.0682802114103273,0.99986988819227
0.07432426245366816,0.990149939138026
0.07675020500020938,1.0
0.12003741064968328,0.9984019223355514
0.14608855409446284,1.0
0.08843279630433881,0.9997404283012837
0.07175282952968846,0.9857443804864454
0.06372703909483184,0.9866814478843414
0.10222192517804243,1.0
0.09018938477490904,0.9934032317105271
0.08510216379639296,0.9940259169310319
0.1529361867353913,0.9891941694865681
0.0615922868755682,0.9901480281952081
0.11466006764039534,0.9943413764001585
0.10591094947184998,0.9911783512893233
0.08937411555853207,0.9884851357975932
0.14365441680223423,0.9938073765102938
0.07652544417450982,0.9934019315311708
0.0464430202373832,0.9911463828948393
0.11963682668025277,0.9997310252948142
0.08925767559148236,0.9919478036703379
0.06830214462059304,0.9884541392619209
0.13428587533237407,0.9962293972485569
0.06058038651719875,1.0
0.11946904776183236,0.9915540308607199
0.04325678542991924,0.9928530888401493
0.08530291637572479,0.9927828690875926
0.054242930757683806,1.0
0.08075704656662577,0.990530350078412
0.07848527574116983,0.997654369323859
0.1327799504880247,0.9886926337221302
0.09730501244311802,0.9963666921453203
0.09560169360350874,0.990875749011562
0.12234254680991137,0.9908463401047861
0.04336509103304597,0.9880121317078981
0.14458082478213125,0.9994550666809252
0.17400734673835586,0.9963167136450358
0.054495508168251695,0.9971405942267169
0.0734575117631309,0.9923815271508543
0.06056228417514031,0.9931359705754664
0.0999825280493341,0.9909393314344637
0.11901934341265324,0.9937648856511835
0.117499533204306,0.9968929601355571
0.05998080089054116,0.9893692483804999
0.05860523255499205,0.9983691546966474
0.10392078589820264,0.9866408886904857
0.08018674748319095,0.9907287573948598
0.11452512300250035,0.9947234250023055
0.11704261598358398,0.999248977733541
0.08433582830194329,0.9989513767539283
0.04916796665510262,1.0
0.030748374972458997,0.9924848108634496
0.10085962609344208,0.9941210093298827
0.12458925172632294,0.9961081344289059
0.04869389090968743,0.9880726265594284
0.06516913987270809,0.9887495675805344
0.11417030630723507,0.9975634981556936
0.08699822505665643,0.9916313691264805
0.08387759966131389,0.9953368475258276
0.05300039993046663,0.9946760768498701
0.039888691338060785,0.989665588675049
0.10164299004494935,0.9968478001485505
0.11213888976564662,0.9832743797232723
0.047468401768759924,0.9998117616658607
0.12685508935187023,0.9965491613116082
0.12625676279017886,0.9955334080840983
0.11679931706002841,0.9940396146248388
0.09289688187184936,0.9952812978947351
0.08359308026020491,0.9956181332812284
0.05816596976281884,1.0
0.0881185806432059,0.995190743869048
0.1343666455053674,0.9904444709920633
0.09558435458302818,1.0
0.1333567417184057,0.9924332421439734
0.07237671759551977,0.993457362815831
0.055252652537124344,0.9947359746093657
0.06077088758326331,1.0
0.07026578274912125,0.9914401436524576
0.10416765028918307,0.9816392201554377
0.029635458525707578,0.9867049018654104
0.05390796306562417,0.9892486041488976
0.08904580603978632,0.9931168260750948
0.0583185849976767,0.9956325767595706
0.06017703920330457,1.0
0.1199896747825152,1.0
0.1862490588760024,0.9852649854757417
0.1391163694449749,0.9997602701296469
0.0684024579702323,0.9981435782218059
0.08483642210556173,0.9931456387752851
0.07481992165866055,0.9977841903683868
0.14158621052418272,0.9879819698777798
0.07338837935356736,0.9909486525760615
0.0735700165862168,1.0
0.1042160194171638,0.9970904789665284
0.11115886082400082,1.0
0.15019070627231512,1.0
0.15177681672742235,0.9912841980438378
0.11278295079790021,0.9952880956027184
0.06521268608671008,0.9971257704304244
0.0864811233741256,0.9943996166130845
0.040569095212088,0.9978100665031863
0.06850272717918701,0.9868674333636115
0.11319368742603446,0.9954360171535459
0.11923981994938374,0.9953330828148124
0.12879402016362096,0.9898240599923588
0.07776782642943456,0.9939859565164108
0.11616176841019663,0.9831693052160138
0.08174149470971742,0.998706642406811
0.09502969588094906,0.9935088543038829
0.08276192232627891,0.9966723739300006
0.1247094023425217,1.0
0.11150780768261231,0.9933131396193934
0.06993547598323555,0.9996349070756677
0.07686123883693077,0.9909697144539107
0.06402638424391825,1.0
0.09936402134194856,0.9889137721394388
0.14856222138507724,0.9897189039124068
0.10684687429369841,1.0
0.11451053288138116,0.9910346601142953
0.12821336211084594,0.9889170510796884
0.09369282718215519,0.9934736572710201
0.04381909849245165,0.9886894465776106
0.06413498549363147,0.9877691714810446
0.08852837447421928,0.9945526537413427
0.08415200607892344,0.9955628947965659
0.10008273028881215,1.0
0.053526023918430796,0.9937068085218571
0.08696836510055123,0.9935486297436277
0.08026011030985976,0.9927963013476492
0.06957904569334054,0.9860507952320027
0.08270606986663076,0.9986526200249343
0.09963902656360435,0.9895300121815682
0.04503603723679427,0.9949895061162733
0.12677548812485548,0.9895171706455816
0.07076775057342115,0.9927221032102618
0.1005943401935724,0.9934403274854822
0.07414162130547164,0.9919102529097318
0.10721392145546614,0.9907736071236236
0.06282917917918603,0.9989796954366089
0.057663250839998306,0.9870655852729674
0.08788150340575437,0.9896544211992149
0.05626629887559711,0.9928685607566055
0.08602465753533751,0.9859135494914606
0.15018014798381438,0.998054014477708
0.20209833120719972,0.998653768903369
0.08634792697685129,1.0
0.05851114597980156,0.9956876080813468
0.11383546685781193,0.9914633857812308
0.08274175821287792,0.9859017098493701
0.06809810418809108,0.9870810681827394
0.054033733946109934,0.9924141846249313
0.09437132940977586,0.9892663666972911
0.08915350753980199,0.9869208605290681
0.042835451103991,0.986715976698587
0.05686700889697762,0.9947919552476808
0.09589099605863081,0.9891194434337227
0.09071385301495719,0.9934700417877798
0.06461977178877709,0.9985372985166916
0.10138014646945155,1.0
0.08811545151118423,1.0
0.10930435895273523,0.9942449400150624
0.0880749616889706,0.9956418878040606
0.057332674167337255,0.9963015254439375
0.20235385408425374,0.9865012678763316
0.068367347279056,0.9973096770786248
0.10035013130875328,0.9921412508047961
0.13849376836087895,0.9974223694280595
0.07915858922583509,0.9965242455102201
0.07889613599673036,0.9909495391293648
0.06814204226600064,0.9969160422149186
0.08033268214264078,0.9870234539117702
0.06488533203255491,1.0
0.08521271605898481,0.9902224021891973
0.11130291724478897,0.9931384715796381
0.08463245385670312,0.9843472058381038
0.14988495606465443,0.9904539037763689
0.0742202696508062,0.9946143422506518
0.10903402182377249,0.9819532122036012
0.09624671239510005,0.9993672886639219
0.06757763184596681,0.9861898171962565
0.07789460002622595,0.9867330453119582
0.05075421924418656,1.0
0.05535661414283563,0.9926112443050563
0.06310909280637726,0.9961558452075681
0.0637972518538277,0.9928672611032634
0.09832202389723967,0.9862944133198576
0.0631252745392995,0.9986193182895872
0.07318474089865118,0.9895828843765251
0.07188358380578738,1.0
0.07505076741624442,0.9817136312654458
0.08559090283208873,0.9885478665274471
0.06486622552039925,0.99441927420099
0.10789243910760268,0.9881407719204542
0.11380149122939581,0.9898218481316577
0.12437923324743755,0.9936656713992931
0.11482139032613115,0.9914277280119835
0.08174092764879973,0.994170382365713
0.07614029877788847,0.9860489349932616
0.05694584578904377,0.9934376446150875
0.13631343207506458,0.9976653149667569
0.04552817201713917,0.9948022023656591
0.08937123133671959,1.0
0.13601489913820553,0.9902297963725278
0.08156721443371683,0.9882980130204936
0.08863757080123143,0.9962481642758348
0.13851405075329737,0.99425643954193
0.1084073623977048,0.9981866727942853
0.0708279114063415,0.9864992036604495
0.08243099978531154,0.9988546801505133
0.15003777261224877,0.9901142654911501
0.07604931108586017,1.0
0.062299001739896845,0.9898791183099561
0.057458777933340636,0.9940445317515807
0.10870077402101305,0.9963196110412812
0.06645517512232235,0.9839869997598947
0.09234592341403748,0.9887669892049126
0.07988425829197056,0.9894833096170008
0.11524677172411306,0.9968726537001764
0.0647752154247206,0.9863321036954605
0.07440114836350673,0.9932140729406275
0.08938465666483553,0.9906887991996243
0.10213375998274186,0.9964371004796581
0.05769424154269467,0.9961759498968542
0.06122796491543842,0.9982784463534087
0.07494191007668483,0.9903479268882026
0.11070504535327486,0.9833267612585008
0.07179266491479123,0.9898580343163311
0.047311353650831126,0.9943879931521892
0.12770641488067175,0.9921119327157368
0.07970179569454333,0.9956976400072419
0.15317667022773102,0.9954012896405188
0.13096013058251374,0.9917522659168038
0.09845873825897294,0.9843350706922219
0.07834560400370237,0.9969303077892648
0.1476005438995515,0.9886715246152976
0.11573148633659551,0.9915141250643882
0.07394075147675636,0.9940396686497085
0.1167455741860569,0.9943310616855091
0.08944075277204416,0.9998387549275486
0.08978931537475829,0.9978195236818777
0.08507369677480588,0.9877535186465003
0.11554277151663377,0.996289944519851
0.06045436471359916,0.9889849235177587
0.1346889150217093,1.0
0.07483051559515372,0.9965377411314794
0.09476375633930265,0.9951051280169235
0.120505546128821,0.9924630576501521
0.06637400835076893,0.9993226491758711
0.07997853123167606,0.9953016693845007
0.0808922931002405,0.9942423557973881
0.05252465741438397,1.0
0.13450543520271205,0.9919909113315937
0.1165194102814681,0.9990341834017589
0.11728670774592585,0.99549471791032
0.08841830494504531,1.0
0.08248234847889416,0.9972285185478184
0.09232514480959061,0.9997484932629296
0.10354143637464923,0.990681704910582
0.16525179541809046,0.9945837760915992
0.05392472472862586,0.9975510617153791
0.07374953025948909,1.0
0.053639447899925995,0.9879852269255448
0.14152173691261347,0.9975994486649635
0.11116780771937894,0.9842425966382802
0.07110233484100241,1.0
0.10770601151114202,0.9947143344961924
0.11261800109427286,0.9979229821848733
0.04405891930298162,0.9917662165669461
0.08030589352913232,0.989153936026143
0.05512950170228379,0.9908293343617508
0.08027689137563326,0.9963946526075351
0.08722149194375049,0.9953741386141598
0.07097045399587315,0.9869281158947629
0.06995441699267455,0.9969586255834589
0.06520454382214662,0.9925837122726393
0.0871386988712032,1.0
0.044061103839665015,0.9856606792030208
0.12235571883321242,1.0
0.0845411022247643,1.0
0.06664980585795503,0.9928901617144044
0.04932984705857759,0.9874564677842756
0.07138613967302578,0.9995458032377491
0.0693024279060339,0.9928240659525498
0.08359992833015041,0.9989764626829273
0.05443098842239032,0.9954552313458933
0.07611253276351872,0.9884218340622563
0.0754244683520376,1.0
0.03993781804510139,0.9936377825775929
0.13321684450306864,1.0
0.06947358902404485,0.9940942139249107
0.08271911958050034,0.9923539780650134
0.1428205015507931,0.9952943683319935
0.056387054899921435,0.9920286882433638
0.10185405416762114,0.9874452540569176
0.07290630838268404,0.987893809601062
0.07500468489737108,0.9947627830146488
0.04905257755275554,0.9865102226475452
0.15302793946012008,0.9983067425409565
0.09189298742606958,0.9927584080634082
0.05756060507508368,0.9923436679762563
0.0617907439010876,0.9890573189634491
0.05875027666961702,1.0
0.10411297454220984,0.9970302742850023
0.09760700045769667,0.9932276437999894
0.08572176226325433,0.9884859380522131
0.08352460134472287,0.9870605678297912
0.071743796430022,0.9926041270790118
0.07107186318978831,0.9920649198311013
0.08009516543894213,1.0
0.06619516068231789,0.9956334977661779
0.15203370107660022,0.991895466630686
0.08748987233663448,1.0
0.12874191738540444,1.0
0.09445664932176982,0.9897853966390772
0.07092566321423834,0.9965819393602835
0.0627312709274562,0.991668159537443
0.07728918680299418,0.9932740404119885
0.10600560369129679,0.9982319100341274
0.1270191093892026,0.990767551197934
0.1145293516243197,0.9906647146388217
0.08347581280110714,0.9911985168860175
0.11975545986948001,0.9874097123709004
0.06785361642067823,0.9978933535155741
0.09314355639341007,1.0
0.07767292860880169,0.9872537350386679
0.10130856217736947,1.0
0.08612605630308398,0.990251998563302
0.058620432101919716,0.9871161361495708
0.050703576572349834,0.9964771488638092
0.07479317749492838,0.9932584996682314
0.06808222120709995,0.9846737925265872
0.08610578559108861,0.9867520584330312
0.056422965702875146,0.9888328160728995
0.06293446270409407,0.9918012867722866
0.06347055104841498,1.0
0.05803092912351638,0.9925866430156002
0.08662870701626763,0.9927017844517558
0.07039765719917102,0.9948222272839289
0.07478369134279107,0.9896860438354819
0.11585094212026487,0.9933412783696732
0.09166386623077019,0.9913054992242256
0.0930982187191767,0.9941367921472107
0.08215960581768741,0.992694931293042
0.09708502040977948,0.9977287294666386
0.05523530659897594,0.9946241602151947
0.1160673715060277,0.9995324804300441
0.14583068219192796,0.9922278838292927
0.06907647018364596,0.9883897749838514
0.07425504261031236,0.9989378992200822
0.042877246393902994,0.990939165783582
0.06537594194716807,0.9925351255130829
0.11511406224373598,0.9961724299378864
0.039287316199786274,0.9899603262331235
0.07732064758556247,0.9887842173314471
0.1098470833506479,0.9930900886217118
0.10024642049356836,1.0
0.06842158285275521,0.9889593756517222
0.07370805846880545,0.9865760497403891
0.04152987913492684,0.9978341471752712
0.07198019621084306,0.9922927984645052
0.08810317225805551,0.9964729196919293
0.09568767700388223,0.9895879738377963
0.04454316516738593,0.9925907775811866
0.037716429584909984,0.9985268280250871
0.07157286419670876,0.9972251989494348
0.08840498665199371,0.9864797167546119
0.10851316308263971,0.9936486482755177
0.0805149966765972,0.9867273717010541
0.18308183291722482,0.9961207442443631
0.07917793106606387,0.9896566881836747
0.08512189978774083,0.9953746565942163
0.048584518480727396,0.988366049822548
0.07528532366921002,1.0
0.06842250219057933,0.9881433400364644
0.12239466562710735,0.990445132830673
0.10819595245615363,0.9893971159496823
0.09878196414781723,0.9956113793518802
0.06964704814549517,0.9978103568681636
0.0824554625111542,0.9928556553301204
0.0905864556866239,0.9955229873449593
0.050844227698118596,0.9974355339148179
0.0816696620229265,0.9909462472631156
0.06806273069134161,0.993149789486658
0.08908492102671044,0.9934141760376141
0.05123727252965047,0.996273046919659
0.0971249361517076,0.9868593160329137
0.08064066871357706,0.9946073818661588
0.034460956911878594,0.9864417778262752
0.07685129249708389,0.9922160261696413
0.06294638847035015,0.9842827448057203
0.1459135454741716,0.9934817951275579
0.05107345919758247,0.9959085825118603
0.07267064765285514,0.9979351127107455
0.11321174954273873,0.9951277056430087
0.05677089758083547,0.9920522053041766
0.0527952296632576,0.993052683032896
0.04204982329897204,0.9937783396881061
0.08605344826063288,0.9990329668811676
0.08832535643565687,0.9966085935223998
0.0668780380969884,0.9954428009948487
0.049397946815715375,0.9967954443420054
0.05852574656271565,0.9864507302581129
0.10364550241707754,1.0
0.12265882198215226,0.9991166522843956
0.09155863710137054,0.9978679198617633
0.0829919152171911,0.994666681073513
0.06864190982913734,0.9969680297282681
0.06011439669780958,0.9945643673109259
0.08248448359853491,0.9939149208155831
0.05147848294986998,0.9909476365285007
0.09315566476737161,0.9838720456541172
0.12120279189860483,0.9966512903736647
0.07427149453828195,0.9899255930741153
0.08439257657846111,0.9972135963108963
0.09406693739063507,0.9953496039763339
0.08153347791809379,0.9918248083631557
0.06770682043265216,0.9888176081155227
0.10439151481774463,0.9875273022688856
0.05999167000295596,0.9937150224991175
0.05605341414413618,0.9866392468654113
0.08423150992846727,0.9958158353807374
0.07976054320744394,0.9965701556998776
0.08877200280818015,0.9959220788822576
0.13984035726241725,1.0
0.07094237898064282,0.9947446715426055
0.16082258540528466,0.9942378010086393
0.04825456837298138,0.9974350266514006
0.09576599342209689,0.9993896303844628
0.0894324675706693,0.9982715696143035
0.07876552764543539,1.0
0.06203442980516278,0.9844551131359682
0.19412885222185064,1.0
0.05867289940590139,1.0
0.08344635154563307,0.9861077021145646
0.04216847136132306,0.9957652497774292
0.1422798656477865,1.0
0.060453377256081124,0.988212787698016
0.050259720382690054,0.9889369828374328
0.05590804722234983,0.9901005511769843
0.07154860608994813,0.9986643313989014
0.0785304292213972,0.9991751974969063
0.08700984441846919,0.989676572249507
0.0760236081603861,0.9977292608620018
0.16464200219308847,0.9902484715687012
0.08785465804723844,0.9938115496198371
0.10426899218984115,0.9967692775884129
0.10361392358304668,1.0
0.09500906520124643,0.9985349381927221
0.0866211438863389,1.0
0.10619259459617342,0.9972580472122844
0.10460686100801635,0.992844105965643
0.09778143612716098,0.9906855788640366
0.06653801876977546,0.9939639059131399
0.037643894196206534,0.9908869529442821
0.15984990078077052,0.9993254074587257
0.08856750676623823,0.9885833624061687
0.10339899946042835,0.9951715334881395
0.060753065511872754,0.9934332249097492
0.06763136609365265,0.9976077102930083
0.10954917551591771,0.9886124787356877
0.10589553463917137,0.9952002493001831
0.07250944734427767,0.9988019608346974
0.07879708497812277,0.9969597010189355
0.19137868980408276,0.9933409671755608
0.0784234273937575,0.9888694104341706
0.06406852199634606,0.9919502813496393
0.04990462354156675,1.0
0.08447783148873324,0.993413171462895
0.10598912496054813,0.9984698064057843
0.13460973421757808,0.9953960521982398
0.11683395909438016,0.9977618395719985
0.06309688904509228,1.0
0.09928903539063015,0.9975148303103453
0.052047811843309574,0.9908305436530646
0.1506222762173394,0.9940120830567803
0.13856731272473974,0.9899393982412177
0.10434274713335773,0.998833509480606
0.0777425694038329,0.9956303084319311
0.09170975077980352,0.9892803725585306
0.0750407708524478,0.9943445341176902
0.05767844369514447,0.9937421645537948
0.06013595666169194,0.9985062877976215
0.16797159536408357,0.9969489092087112
0.07367843840607281,0.9996781027684262
0.07872726567802685,0.9935168278382669
0.0499250648384663,0.9972917309162803
0.06756848059752683,0.9993937977803831
0.0932278854734776,0.998331331738086
0.08941572225431924,0.9893772198857332
0.10030497040313337,0.9956215476071605
0.07109074296392526,0.9956345406130351
0.1153955536835554,0.9923226346988464
0.1067669804056785,0.9879925804618959
0.10725244607247522,0.9982591747897038
0.0768836880421138,0.9889946795548081
0.08352513915015063,0.9961592053153496
0.08821750598909564,0.9940367344761553
0.06778985672732925,0.9963846958526998
0.08596322808276761,0.9991887027756768
0.08528244091408937,0.9929864271331963
0.04645658525844272,0.9951817958326629
0.06757294193663665,0.9903108350730594
0.06207120118541298,0.990650701429195
0.048701560925218636,0.9968855367088165
0.0610297309052365,0.9934607445280905
0.06504075135425538,0.9958232693158574
0.08170688336422603,0.9886119639956623
0.0595250121082757,0.9981029688791971
0.16040156883100493,0.994344311345941
0.06222265649443155,0.9917498638958857
0.08039068216134077,0.9882077453161103
0.09342081708552138,0.9928136788233113
0.024433682509923667,0.9962405903779553
0.04066945081248613,0.9866482073275549
0.0826660280128231,0.9943532510796874
0.10992558717603099,1.0
0.13766229378623748,0.9972837074459048
0.0969193053061,0.9953669196806284
0.08603048080768742,0.9973947177474244
0.07583954939461689,0.9933677044238833
0.10228427384192945,0.9913963564655544
0.0432081583475633,0.9965497552505309
0.06842359012137453,0.9990219202990441
0.08471987426590294,0.9943244761554925
0.06445314718115623,0.9909787323735353
0.13180168960677363,0.9988112521581056
0.12000346019364956,0.9864390312608621
0.0854743251824604,0.9853147860565798
0.10373338981706964,1.0
0.07819824733138944,0.9922482385277157
0.10607682001268962,0.9928540803987037
0.05755087840827154,0.9974696609180469
0.06629459284359175,0.988335209233637
0.10049812635705421,0.9975020392666963
0.10115664408009782,1.0
0.053484782806800274,0.9876394311333754
0.049730554005349134,0.9890461090970373
0.06533166454463607,0.9948782812512653
0.0922667844772889,0.9994153198580696
0.049929286864057794,0.9992883050198655
0.055836623661002095,0.9958357244905265
0.060492281661993566,0.9883775148402782
0.12742317145296125,0.9811871656736143
0.13284394757910198,0.9891198660071516
0.04889635031914274,0.9902390704358932
0.06723900896682594,0.9919169003437818
0.0822373924626106,0.9898989942653719
0.09237490584414161,1.0
0.1003422449458446,0.9986009727864064
0.08284775447402554,1.0
0.04623062488925763,0.9922683368089944
0.10163986294057589,0.9861178225936034
0.07866788292991558,0.9933295225789645
0.11187981197006411,0.9891192448862212
0.09939327929754092,1.0
0.0626599785021199,0.988902611599278
0.08299509639229397,0.9915430889026234
0.1299489105716866,0.9938630235141945
0.048380992680600886,0.9894192112543481
0.11210402697875502,0.9956821676045475
0.22465945199768625,0.9867281834121409
0.0364319159574967,0.9929805142842153
0.08191523121619931,0.9947674686238253
0.09804449185249611,0.9897139134623362
0.05737678627195971,0.9870247465053785
0.11072897578241464,0.9992411563824631
0.03633411154894494,0.9857328707589085
0.07763493435925392,0.9865098983390731
0.09039445799734695,1.0
0.05498751510472997,0.993092376691909
0.06789120932433812,1.0
0.08861037218891397,0.9926641419490853
0.1336519793820746,0.9967788312076988
0.11204685247447996,0.9944573541046033
0.09175875300414377,0.9820357459712705
0.11612429898684928,0.9915486110116813
0.070886100636051,0.9917604934630975
0.08400401202753907,0.9964349807453963
0.07572576615316337,0.9916854432116833
0.1290967926340066,0.9934213375743856
0.08403343529185213,0.9988982313024316
0.15141877692113112,1.0
0.11199813365408423,0.9954812715032919
0.06940744813664665,0.990458235619455
0.10625693967259472,0.9965232350408213
0.08819896443817214,1.0
0.1415826292677919,0.9958818399520486
0.05712598079892552,0.9953927134579492
0.07037731681664153,1.0
0.09427993454460908,0.9987342915233034
0.07835625717029988,0.989110395758846
0.07438161761206002,0.990493405616992
0.08551830931175113,0.9910099833056398
0.08705590019361323,0.9856838554321831
0.09856877793804018,0.9922524478305625
0.07451565608512004,0.9981316746607622
0.05476801181726062,0.9919049999393079
0.10153001927629483,0.9916670743878647
0.06859315941208236,0.9829201555420676
0.08727302156348553,0.9961297547188859
0.09591063550656463,0.9921239277586394
0.08084909917143622,0.9920017886566062
0.09233640235021631,0.9907405830373619
0.0925705519676492,0.9888687375581474
0.045241745058723325,0.9966348430612187
0.07671697461138238,1.0
0.0720878184947564,0.9928159791209684
0.13114005395580514,0.9941140280853303
0.05196257140558852,0.9990943954874788
0.10663787200925952,0.997700043428648
0.073056087337376,0.995018735043937
0.09236174584612707,0.9982218311634368
0.06494329391755609,1.0
0.08172173997337745,1.0
0.10611512570456011,0.9916604973226957
0.08648742027553621,0.985379183320764
0.09021996452127448,0.99475787830487
0.09284597460221951,0.9981947752344225
0.10177726173109956,0.9888464097430093
0.1488086907051801,0.9972820191727237
0.08305347196762032,0.9947210155427386
0.07833685557258488,0.9958765740767966
0.15476304157355697,0.99260494434274
0.11766404026847663,0.9910850697602328
0.10995577616425899,0.9927258161815758
0.11047422886604238,0.9863887041896421
0.10661566037368873,0.9855966016769631
0.10331396393348578,0.9957610176881823
0.07049188851476412,0.9868938446716039
0.1408792261653008,0.9935620093083809
0.06371709085546952,0.988326005643117
0.05952821798520348,1.0
0.056515394624023406,0.9932522117646756
0.1267172919863233,0.9921529126335512
0.14592014536009987,0.9867444714417061
0.06887055479197739,0.9946639694065083
0.0527709919459575,0.9882032618482641
0.08937033219938817,1.0
0.1543178601186666,0.9922624692380823
0.09599580776886021,0.9899043022162511
0.06926616139157911,0.997601933221953
0.10394490110722147,0.9985797868383232
0.05772319595598192,1.0
0.08147243505971505,1.0
0.0957066146465873,0.999761802186646
0.0705513570362002,0.9914494641600146
0.07118208922637265,0.9870515084069229
0.054672277447665264,0.9909353550388723
0.076613693781282,1.0
0.06119631527769295,1.0
0.09040031549766595,0.9905271700029011
0.087897704956436,0.9997966417566433
0.07202052510723203,0.9899038900137147
0.07479410802339656,0.9925744512020309
0.05835959018985648,0.9975525515401804
0.09130212123550102,0.9803251860413721
0.12084449297474079,0.9955565065337248
0.10110527042342433,0.9961137931306494
0.05681338314809963,0.9940191732012095
0.07025807402652047,0.9939737086826612
0.06820572038267056,0.9939738948997555
0.10311621309462722,0.9961137806546226
0.08212361555862108,0.9980379684620455
0.10403630701980088,0.9951282086924714
0.08582950476310608,0.9919559363124075
0.092788183686233,0.9998438692614593
0.1672387529683345,0.9936988525737537
0.11030205254178033,0.9955801239343957
0.049259562208994176,1.0
0.0993806314745286,0.996849849595496
0.08348136463299916,0.9943105374699153
0.04535905049620952,0.9924013310097095
0.06845358550936319,0.9942124758142443
0.16820291321645933,0.994587554029671
0.07865102133755075,0.996198730994826
0.059237374705349205,0.9977334864887708
0.07484793581190187,0.996616163644943
0.10855731988430439,0.9976585151459016
0.06504518097015376,0.9870358337994235
0.06698117256017466,1.0
0.06547463253415804,0.9809730217582032
0.08866137839267335,0.9925434939280525
0.05818205378074282,0.9898043984039323
0.07934229935654798,0.9913366159331315
0.05700111555849151,0.9956645932244126
0.08225519850668032,1.0
0.07210445488049544,0.987729834003191
0.057065752568322595,1.0
0.04888770178561289,0.9898182929757083
0.05765576827760868,0.9929681907909621
0.07138930689700716,0.9977290966548624
0.10997071412550698,0.9900425890254418
0.057754181607197,0.9969771749552143
0.06199897871072797,0.9950614711205384
0.05663317704524605,0.9961978893046168
0.09452568728884927,0.994837439244756
0.06701150894335328,0.9908118987755519
0.16874716446224877,0.9912376680990721
0.09337449711249074,0.9845496740363583
0.05466204256255251,0.9871196321635276
0.07051889321223585,0.996899552700711
0.11390916494141089,0.9966851354653552
0.09756278977848545,0.9993596113828704
0.10573993308065867,0.9892661548664755
0.09583564593869338,0.994284829216578
0.09230766792416407,0.9911751759178401
0.09762542856788742,0.9919855014201657
0.042314729126875235,0.986346838108227
0.09074115814319622,0.9954518271001843
0.05996995297011185,0.9958138751294765
0.05973865797705018,0.9953100847683566
0.08273074119056971,0.989502860441358
0.0744110120688776,0.9929147548322126
0.06106461874312808,1.0
0.0738917912048276,0.9952133557781718
0.05269777133998979,0.9868547023374149
0.10233572927412668,0.9873087048700133
0.07301211462105078,0.9911308479541032
0.14517017082241448,0.994122838894404
0.10960810617398135,1.0
0.06982451422608048,0.9928821516679434
0.08638892544053092,1.0
0.10123703554798998,0.996262141100143
0.09403373618989713,0.988781002388865
0.07551088693306464,0.9950403726408074
0.07253206444630142,0.9886752570476114
0.07074493917153936,1.0
0.08544945222655992,0.9970952108586081
0.090519994285164,0.9874040066623189
0.11637924400391304,0.9935687696903873
0.1545314563487368,1.0
0.05974373190653852,0.992260680030273
0.08019326852045203,0.9976398154577282
0.10002389009215516,0.9965226049940734
0.09978439098229486,1.0
0.05947329652433935,0.9976409272404667
0.12357938767964104,0.9953901019142195
0.11339847189825675,0.9845881493318622
0.07002627984130508,1.0
0.08022529620763202,0.9894906038652364
0.08173695178342326,0.9901526852271494
0.06414170228759787,0.993126182789675
0.0760066804707779,0.998532572932438
0.12808387311710281,0.9971386410054424
0.076620610745856,0.9923920353216721
0.06394515226144126,0.9961808284188083
0.0873589431373691,0.9880432169433073
0.048028802404171934,0.9944664953188002
0.08243697207305425,0.9952230079761801
0.08551317659064524,0.9831555547413554
0.07562738083189871,0.988283203728378
0.07190899064242526,0.9848580406471298
0.1776396099259282,0.9857445119774104
0.07997518695873788,0.9900166144996542
0.05458278962567757,0.9935598623334436
0.07477850190980428,0.9932836451842528
0.11310069909101858,0.9948616790258136
0.15282845848449503,0.9972651118435982
0.08405458146041789,0.9924921360478696
0.09503575535943351,0.9870347869010658
0.05379722847496628,0.9967358257281985
0.13949221284913052,0.9942409605435337
0.0637981720168689,0.9949671430274204
0.06273205306738762,0.9847003086772974
0.06135887346054141,0.9978415231333815
0.062063460360304946,0.9938245420588522
0.07269333327245148,0.9971964705553262
0.1064216903522978,0.9962822775956168
0.1096230331173431,1.0
0.05230362923355708,0.9856679523184312
0.07300635095530164,0.9929343747311126
0.05812316571716339,0.9912296659246046
0.054512184986131265,0.996942536274651
0.05658942307068484,0.9905719733058436
0.09275623385224985,0.9944231094682006
0.07533414772556378,0.9881081612663144
0.11764060941275356,1.0
0.1051133560144728,0.9946205535144932
0.12891921494195022,1.0
0.038143575742306465,0.9829480310348216
0.1081861225752682,0.9961770300624796
0.07817624762120173,0.9934980137070937
0.07731464778657735,1.0
0.09559473495296693,0.9880127972902114
0.060343395508759536,1.0
0.08592734733183528,0.9956558879443781
0.04470683725190584,0.9920380020777199
0.0823174958623848,0.992591206608012
0.06198413417454058,0.9949617490337798
0.13675799977231096,0.9980314666016662
0.07381760953068875,0.9932968165342165
0.08350484321865995,1.0
0.06864109286700044,0.997047769109718
0.09266759788837733,0.993428666015745
0.09366340307635604,0.9927561539373144
0.07773991550362755,0.9962157172344185
0.1043791197954918,0.9956311846260105
0.15512484041906127,1.0
0.13888229942042554,0.9879440248277971
0.0631880637556137,0.9873217593643718
0.05581054966060794,0.9915664833633763
0.06039048857138544,0.9961061532028497
0.04088563232430345,0.9923497294563837
0.08585268733870484,0.9809592320345488
0.07085651669601559,0.998204942325376
0.062018800556333145,0.996702304834129
0.09581526194339138,1.0
0.0823809657695636,1.0
0.07088949889107052,0.9890078944396816
0.11466943747409683,0.9921156776481052
0.08549360073705899,0.995262543300558
0.07259970992125475,0.9918135045376182
0.03913014901937454,0.9870172301998767
0.09813948027414844,0.9983942707125953
0.02701424526874706,0.9992525182463988
0.08119284456113715,0.9953079438469016
0.05711392942973892,0.9950785623556446
0.09319054597375159,0.9912420977894674
0.0686489103096101,0.9924913208973098
0.06355814297938489,1.0
0.08931012551769449,0.9982479893572382
0.08276180440049793,0.9989524724694935
0.06671452925042057,0.9965218424217261
0.10825185341816522,0.9962657697942217
0.0828275105136993,0.9970113752426096
0.07634606471724889,0.9906876549857965
0.07756653168232396,0.9960476859874119
0.11718093273971435,0.9957479161331936
0.06770315638413824,0.9877352617352186
0.09556946552678257,0.9943624073578322
0.09536503653136322,0.9910814136607755
0.07587328106571019,0.9967229196238281
0.06362889192267464,0.9903765614910018
0.07231310459803798,0.9967401290115486
0.12106028596873437,0.9908268540959442
0.04183900337250417,0.9944100052630394
0.0944517225167638,0.9907747018423494
0.09003992374370229,1.0
0.07398517625533652,0.9974623399593016
0.1052827148702983,0.9894492707569142
0.059350374031127265,1.0
0.054169745760180174,0.9967210037985168
0.12209728873313001,0.9967164590391895
0.06764556960343261,1.0
0.06992550473057367,0.9964624343412557
0.060335382514569894,0.9817308702131715
0.10809740532974955,0.9928025164582
0.06046914250925571,0.9955242591771052
0.07055747860794756,0.9942390762780766
0.07172322356668863,0.99588504691992
0.0673197295402344,0.9937917886711913
0.09222226451701178,0.993688896043467
0.08619993802157148,0.9936613086186359
0.052358383321624145,0.9923468392697182
0.052992126981761506,0.9906740618408857
0.049067263409240704,0.99754509626063
0.07433877138353549,0.9985580200057976
0.08914709263638597,0.9891836852960888
0.07671569400792096,0.9929714780353717
0.06521837808570433,0.9986395546842264
0.06548836540231719,0.9939810733060326
0.12394964937887318,0.990152738507868
0.08146156597212699,0.993327210986217
0.09050739186000704,0.9921921677865918
0.07686093918891701,0.9887974753745791
0.11027279708424591,0.9896650884775928
0.04331335917580517,0.9839319562764922
0.07301453203369686,0.9895515955940589
0.053822448308814205,0.9987925784716573
0.10610253910590522,0.9946767498509369
0.08471424192094655,1.0
0.0923202822574471,0.9928792831070004
0.14481665618799994,1.0
0.08043518550667265,0.9827453454194668
0.059316036456072925,0.9966386262501865
0.05811928728346501,0.9877623337788153
0.10600232001612038,0.9982637724833799
0.07785982663876734,1.0
0.04390843360561658,0.992093921873778
0.08764370820392581,0.9890496092528476
0.06890965766345243,0.9877551394229889
0.08431633287321617,0.9924924861951826
0.07741504249524256,0.9858043216072312
0.05571687134485795,0.9919164642583955
0.06824736818897216,0.997555062471207
0.08847328477791294,0.9902959712342613
0.1294414979136768,0.9972867475532992
0.043809900275607,0.9836819785013725
0.10570114332123584,0.9982658927097002
0.0966432053380231,0.9960005549492617
0.08721055517138275,0.9922734371235702
0.07438623439779161,0.9884654226258707
0.11095641897826866,0.9915137831262065
0.05673800883307399,0.9900269835753912
0.10795941090831533,0.9956064142101331
0.0780203258700993,0.9901065588675693
0.06223322090998447,0.9864013018370822
0.09646849714054372,1.0
0.060828209187352836,0.9900423413108007
0.07864361044597978,0.9880965602453058
0.06781182704665505,0.9923367392230568
0.0801809202628918,0.9978555986283907
0.04325487068408292,0.995453286291306
0.0939404640511657,0.9963750451573392
0.14178790263588542,0.9966370480697276
0.07165672131311968,0.9995362030046834
0.1163792731979116,0.9951953457162461
0.07234237267429508,0.9976083078931475
0.1174904764727553,0.994786014729922
0.055397784585534716,1.0
0.07016734901632254,0.9931302506072758
0.06677156192346442,0.9978770609379125
0.07399956620065141,0.9909253997535065
0.10453050027793298,0.9841299102420735
0.040610759416289194,0.9895225191919529
0.07036404400275621,0.9943113629495268
0.08459506719036462,1.0
0.05898770584182386,0.9940470680346591
0.07381340378403094,0.9988535353675297
0.057285509983448515,1.0
0.13481303531044156,0.9978860099063857
0.16411620147568598,0.9976396861718507
0.08032233175874919,1.0
0.08501207818719664,0.9952904047127576
0.09603948398149263,1.0
0.051943012006205574,0.9930567390461575
0.08050688500406977,0.9942117060069753
0.06393605141635773,0.9890398092037229
0.06982446806993384,0.9933656301845449
0.06307795335376577,0.9909353772093382
0.03812789050820735,0.9980720426230988
0.0673954988131313,0.9985475571088153
0.16132558308613543,0.994638854376749
0.06637905582398491,0.9905020141968021
0.08967332033806132,0.9967031664974005
0.07233029140231878,0.9956979838135205
0.07440273183259577,0.991535727402043
0.08115211334858105,0.9941959315504536
0.06787321548137219,0.992548075683439
0.09515311849851328,0.9849949729891985
0.1133977594458049,0.9958284853892705
0.10995923899414439,0.9971508538060587
0.10047115109954345,1.0
0.0832845499544196,0.9959260735151642
0.03581830415396969,0.9929693802125139
0.06762007297859803,0.9845791242841848
0.0758795902970262,0.9957605804108283
0.0651625566297827,0.9952786126247413
0.15282221797237894,0.9958745446520724
0.07575151093294548,0.9914253875522525
0.08853583571283649,1.0
0.08698160180297504,0.9984251739461018
0.07061370847239282,0.9921840787518248
0.09996977474412096,1.0
0.09937822515742152,0.9987681389030515
0.06159495605772882,0.9939474299788738
0.046044597778744756,1.0
0.14771422978966164,0.9955104148211389
0.08990508063590053,0.9977337341331095
0.06264227566159726,0.9946240760329932
0.1255759088718351,0.9926046293486404
0.08588936330073442,0.995150954110369
0.09372216518671204,0.9968613204804289
0.06875430967824556,0.9819043396648683
0.0853571351098934,1.0
0.07214686109488674,0.990909942953094
0.07103333786867654,0.9981596668755196
0.06670914604643365,0.9941370111862534
0.06847403135108673,0.9964238581213154
0.07008135165868529,0.9905937375428819
0.08277058248276699,0.9949348180689392
0.06558522137992627,0.988087220428915
0.13988865946776596,0.9927815855890825
0.07323655635376305,0.9822060093345438
0.05334888672682489,0.9945485338252582
0.19597642055205938,0.9998847392807915
0.07081718166238392,0.9937010676840439
0.06434400004958929,1.0
0.0721600663611975,0.996355189535522
0.06151819378113725,0.9920882726738903
0.03373008363680691,0.9934735331186865
0.12330489677759025,0.9834536668368422
0.07885804055769985,0.9972491900794229
0.05684759516305741,0.9945190880271176
0.06105123745626752,0.9995634519511891
0.10908634690435923,0.99941506558104
0.08300420295898095,1.0
0.06739210556402828,0.9963013171087409
0.06339642714306887,0.9920437534922214
0.08120482171153413,0.9972329912231035
0.07366888497669478,0.9956200324514596
0.0891892612007571,0.9993891916991963
0.12042794120677018,0.9987208298267106
0.06603506550974347,0.9954117890910239
0.08060843149575092,0.9981260691184176
0.08453893042095031,0.9943156332447616
0.09370678675473817,0.9965584691240676
0.11494873856328561,0.990936298983414
0.10319270557805879,0.9899053947120796
0.07286475296299827,0.9980245969780663
0.09435082879578065,0.9995169960509381
0.05725875312625585,0.995304215798174
0.06315084231679237,0.994555965419826
0.06270195010439976,1.0
0.05451816765655055,1.0
0.12962799648457451,0.9962635990904288
0.1395397647761322,0.9928533046078115
0.0817486564598665,1.0
0.09931613186796823,1.0
0.05539484272718095,0.9900805744813854
0.06269728819651281,0.9982087763602934
0.06018990308470432,0.9992618818098907
0.14653991601832156,0.9895245197456813
0.05658185191519824,0.9864772753567028
0.0981000298264824,0.9962512410926221
0.10506653236797432,0.9902514916448034
0.07912193320461652,0.9919301997313431
0.08968260526466405,1.0
0.13979882582568726,0.99582313465144
0.09910628348432846,0.9889070555545182
0.034824606244324804,0.9903588138308884
0.059626486277434235,0.9936013629014577
0.07487770805446034,1.0
0.1682834650431204,0.9970528144710854
0.09417239186533431,0.9917719120858379
0.07057834770607208,0.9922908967978261
0.055220270184536124,0.9834427091249417
0.1078706151339434,0.994483745928559
0.1205079358578372,1.0
0.07679913479376592,1.0
0.1747579001753549,1.0
0.12802023465193021,1.0
0.06314024881907666,0.9881629423433583
0.08302196150806894,0.9936420849896893
0.046298311692751094,0.9877762062782858
0.06249268578868297,0.9927901722204209
0.07634552287808508,0.9996971777588212
0.10277415032514461,0.9917981268888563
0.07074874776326848,0.9970433367557209
0.06818501405589808,0.992911693856314
0.09038928419941752,0.9932795895656379
0.09650792090287051,0.9879023976238144
0.11435321908895757,0.9927820882925706
0.061721713192908055,0.9945108901768084
0.0624092119028294,0.9915861946803818
0.08134504068033119,0.9927902117965034
0.0964528526365698,0.9879794804710177
0.06303861958617035,0.992980835763536
